job_id,operation_id,machine,start_time,duration,plan_duration,end_time
p100,1,a1_0,0.0,15,16.411242603550296,16.411242603550296
p100,2,a4_0,0.0,45,49.23372781065089,49.23372781065089
p100,4,a2_0,0.0,30,32.82248520710059,32.82248520710059
p10,1,a1_0,16.411242603550296,30,32.82248520710059,49.23372781065089
p101,1,a1_0,49.23372781065089,15,16.411242603550296,65.64497041420118
p101,2,a4_0,49.23372781065089,45,49.23372781065089,98.46745562130178
p101,4,a2_0,32.82248520710059,30,32.82248520710059,65.64497041420118
p10,2,a2_0,65.64497041420118,45,49.23372781065089,114.87869822485207
p102,1,a1_0,65.64497041420118,15,16.411242603550296,82.05621301775147
p102,2,a4_0,98.46745562130178,45,49.23372781065089,147.70118343195267
p102,4,a2_0,114.87869822485207,30,32.82248520710059,147.70118343195267
p10,3,a1_0,82.05621301775147,15,16.411242603550296,98.46745562130177
p103,1,a1_0,98.46745562130177,30,32.82248520710059,131.28994082840237
p103,2,a2_0,147.70118343195267,45,49.23372781065089,196.93491124260356
p103,3,a1_0,131.28994082840237,15,16.411242603550296,147.70118343195267
p104,1,a1_0,147.70118343195267,15,16.411242603550296,164.11242603550298
p104,2,a4_0,147.70118343195267,45,49.23372781065089,196.93491124260356
p104,4,a2_0,196.93491124260356,30,32.82248520710059,229.75739644970415
p105,1,a1_0,164.11242603550298,15,16.411242603550296,180.52366863905328
p105,2,a4_0,196.93491124260356,45,49.23372781065089,246.16863905325445
p105,4,a2_0,229.75739644970415,30,32.82248520710059,262.57988165680473
p106,1,a1_0,180.52366863905328,15,16.411242603550296,196.9349112426036
p106,2,a4_0,246.16863905325445,45,49.23372781065089,295.40236686390534
p106,4,a2_0,262.57988165680473,30,32.82248520710059,295.40236686390534
p107,1,a1_0,196.9349112426036,30,32.82248520710059,229.75739644970417
p107,2,a2_0,295.40236686390534,45,49.23372781065089,344.63609467455626
p107,3,a1_0,229.75739644970417,15,16.411242603550296,246.16863905325448
p108,1,a1_0,246.16863905325448,15,16.411242603550296,262.5798816568048
p108,2,a4_0,295.40236686390534,45,49.23372781065089,344.63609467455626
p108,4,a2_0,344.63609467455626,30,32.82248520710059,377.4585798816569
p109,1,a1_0,262.5798816568048,30,32.82248520710059,295.4023668639054
p109,2,a2_0,377.4585798816569,45,49.23372781065089,426.69230769230774
p109,3,a1_0,295.4023668639054,15,16.411242603550296,311.8136094674557
p110,1,a1_0,311.8136094674557,30,32.82248520710059,344.6360946745563
p110,2,a2_0,426.69230769230774,45,49.23372781065089,475.9260355029586
p110,3,a1_0,344.6360946745563,15,16.411242603550296,361.0473372781066
p11,1,a1_0,361.0473372781066,30,32.82248520710059,393.86982248520724
p111,1,a1_0,393.86982248520724,30,32.82248520710059,426.69230769230785
p111,2,a2_0,475.9260355029586,45,49.23372781065089,525.1597633136095
p111,3,a1_0,426.69230769230785,15,16.411242603550296,443.10355029585816
p11,2,a2_0,525.1597633136095,45,49.23372781065089,574.3934911242603
p112,1,a1_0,443.10355029585816,15,16.411242603550296,459.51479289940846
p112,2,a4_0,344.63609467455626,45,49.23372781065089,393.8698224852071
p112,4,a2_0,574.3934911242603,30,32.82248520710059,607.2159763313609
p11,3,a1_0,459.51479289940846,15,16.411242603550296,475.92603550295877
p113,1,a1_0,475.92603550295877,15,16.411242603550296,492.3372781065091
p113,2,a4_0,393.8698224852071,45,49.23372781065089,443.103550295858
p113,4,a2_0,607.2159763313609,30,32.82248520710059,640.0384615384615
p114,1,a1_0,492.3372781065091,30,32.82248520710059,525.1597633136097
p114,2,a2_0,640.0384615384615,45,49.23372781065089,689.2721893491124
p114,3,a1_0,525.1597633136097,15,16.411242603550296,541.5710059171599
p115,1,a1_0,541.5710059171599,15,16.411242603550296,557.9822485207102
p115,2,a4_0,443.103550295858,45,49.23372781065089,492.33727810650885
p115,4,a2_0,689.2721893491124,30,32.82248520710059,722.094674556213
p116,1,a1_0,557.9822485207102,30,32.82248520710059,590.8047337278108
p116,2,a2_0,722.094674556213,45,49.23372781065089,771.3284023668639
p116,3,a1_0,590.8047337278108,15,16.411242603550296,607.215976331361
p117,1,a1_0,607.215976331361,15,16.411242603550296,623.6272189349113
p117,2,a4_0,492.33727810650885,45,49.23372781065089,541.5710059171597
p117,4,a2_0,771.3284023668639,30,32.82248520710059,804.1508875739645
p118,1,a1_0,623.6272189349113,15,16.411242603550296,640.0384615384615
p118,2,a4_0,541.5710059171597,45,49.23372781065089,590.8047337278106
p118,4,a2_0,804.1508875739645,30,32.82248520710059,836.9733727810651
p119,1,a1_0,640.0384615384615,30,32.82248520710059,672.8609467455622
p119,2,a2_0,836.9733727810651,45,49.23372781065089,886.207100591716
p119,3,a1_0,672.8609467455622,15,16.411242603550296,689.2721893491124
p120,1,a1_0,689.2721893491124,15,16.411242603550296,705.6834319526627
p120,2,a4_0,590.8047337278106,45,49.23372781065089,640.0384615384614
p120,4,a2_0,886.207100591716,30,32.82248520710059,919.0295857988166
p12,1,a1_0,705.6834319526627,30,32.82248520710059,738.5059171597633
p121,1,a1_0,738.5059171597633,15,16.411242603550296,754.9171597633135
p121,2,a4_0,640.0384615384614,45,49.23372781065089,689.2721893491123
p121,4,a2_0,919.0295857988166,30,32.82248520710059,951.8520710059172
p12,2,a2_0,951.8520710059172,45,49.23372781065089,1001.0857988165681
p122,1,a1_0,754.9171597633135,30,32.82248520710059,787.7396449704141
p122,2,a2_0,1001.0857988165681,45,49.23372781065089,1050.319526627219
p122,3,a1_0,787.7396449704141,15,16.411242603550296,804.1508875739644
p12,3,a1_0,804.1508875739644,15,16.411242603550296,820.5621301775146
p123,1,a1_0,820.5621301775146,15,16.411242603550296,836.9733727810649
p123,2,a4_0,689.2721893491123,45,49.23372781065089,738.5059171597632
p123,4,a2_0,1050.319526627219,30,32.82248520710059,1083.1420118343194
p124,1,a1_0,836.9733727810649,15,16.411242603550296,853.3846153846151
p124,2,a4_0,738.5059171597632,45,49.23372781065089,787.739644970414
p124,4,a2_0,1083.1420118343194,30,32.82248520710059,1115.96449704142
p125,1,a1_0,853.3846153846151,15,16.411242603550296,869.7958579881654
p125,2,a4_0,787.739644970414,45,49.23372781065089,836.9733727810649
p125,4,a2_0,1115.96449704142,30,32.82248520710059,1148.7869822485204
p126,1,a1_0,869.7958579881654,15,16.411242603550296,886.2071005917156
p126,2,a4_0,836.9733727810649,45,49.23372781065089,886.2071005917157
p126,4,a2_0,1148.7869822485204,30,32.82248520710059,1181.609467455621
p127,1,a1_0,886.2071005917156,30,32.82248520710059,919.0295857988162
p127,2,a2_0,1181.609467455621,45,49.23372781065089,1230.8431952662718
p127,3,a1_0,919.0295857988162,15,16.411242603550296,935.4408284023665
p128,1,a1_0,935.4408284023665,30,32.82248520710059,968.2633136094671
p128,2,a2_0,1230.8431952662718,45,49.23372781065089,1280.0769230769226
p128,3,a1_0,968.2633136094671,15,16.411242603550296,984.6745562130174
p129,1,a1_0,984.6745562130174,30,32.82248520710059,1017.497041420118
p129,2,a2_0,1280.0769230769226,45,49.23372781065089,1329.3106508875735
p129,3,a1_0,1017.497041420118,15,16.411242603550296,1033.9082840236683
p130,1,a1_0,1033.9082840236683,15,16.411242603550296,1050.3195266272187
p130,2,a4_0,886.2071005917157,45,49.23372781065089,935.4408284023666
p130,4,a2_0,1329.3106508875735,30,32.82248520710059,1362.133136094674
p13,1,a1_0,1050.3195266272187,30,32.82248520710059,1083.1420118343192
p131,1,a1_0,1083.1420118343192,15,16.411242603550296,1099.5532544378696
p131,2,a4_0,935.4408284023666,45,49.23372781065089,984.6745562130175
p131,4,a2_0,1362.133136094674,30,32.82248520710059,1394.9556213017745
p13,2,a2_0,1394.9556213017745,45,49.23372781065089,1444.1893491124254
p132,1,a1_0,1099.5532544378696,15,16.411242603550296,1115.96449704142
p132,2,a4_0,984.6745562130175,45,49.23372781065089,1033.9082840236683
p132,4,a2_0,1444.1893491124254,30,32.82248520710059,1477.0118343195259
p13,3,a1_0,1115.96449704142,15,16.411242603550296,1132.3757396449703
p133,1,a1_0,1132.3757396449703,30,32.82248520710059,1165.1982248520708
p133,2,a2_0,1477.0118343195259,45,49.23372781065089,1526.2455621301767
p133,3,a1_0,1165.1982248520708,15,16.411242603550296,1181.6094674556211
p134,1,a1_0,1181.6094674556211,30,32.82248520710059,1214.4319526627216
p134,2,a2_0,1526.2455621301767,45,49.23372781065089,1575.4792899408276
p134,3,a1_0,1214.4319526627216,15,16.411242603550296,1230.843195266272
p135,1,a1_0,1230.843195266272,15,16.411242603550296,1247.2544378698224
p135,2,a4_0,1033.9082840236683,45,49.23372781065089,1083.1420118343192
p135,4,a2_0,1575.4792899408276,30,32.82248520710059,1608.301775147928
p136,1,a1_0,1247.2544378698224,15,16.411242603550296,1263.6656804733727
p136,2,a4_0,1083.1420118343192,45,49.23372781065089,1132.37573964497
p136,4,a2_0,1608.301775147928,30,32.82248520710059,1641.1242603550286
p137,1,a1_0,1263.6656804733727,30,32.82248520710059,1296.4881656804732
p137,2,a2_0,1641.1242603550286,45,49.23372781065089,1690.3579881656794
p137,3,a1_0,1296.4881656804732,15,16.411242603550296,1312.8994082840236
p138,1,a1_0,1312.8994082840236,30,32.82248520710059,1345.721893491124
p138,2,a2_0,1690.3579881656794,45,49.23372781065089,1739.5917159763303
p138,3,a1_0,1345.721893491124,15,16.411242603550296,1362.1331360946745
p139,1,a1_0,1362.1331360946745,30,32.82248520710059,1394.955621301775
p139,2,a2_0,1739.5917159763303,45,49.23372781065089,1788.8254437869812
p139,3,a1_0,1394.955621301775,15,16.411242603550296,1411.3668639053253
p140,1,a1_0,1411.3668639053253,15,16.411242603550296,1427.7781065088757
p140,2,a4_0,1132.37573964497,45,49.23372781065089,1181.609467455621
p140,4,a2_0,1788.8254437869812,30,32.82248520710059,1821.6479289940817
p14,1,a1_0,1427.7781065088757,15,16.411242603550296,1444.189349112426
p141,1,a1_0,1444.189349112426,15,16.411242603550296,1460.6005917159764
p141,2,a4_0,1181.609467455621,45,49.23372781065089,1230.8431952662718
p141,4,a2_0,1821.6479289940817,30,32.82248520710059,1854.4704142011822
p14,2,a4_0,1230.8431952662718,45,49.23372781065089,1280.0769230769226
p142,1,a1_0,1460.6005917159764,30,32.82248520710059,1493.423076923077
p142,2,a2_0,1854.4704142011822,45,49.23372781065089,1903.704142011833
p142,3,a1_0,1493.423076923077,15,16.411242603550296,1509.8343195266273
p143,1,a1_0,1509.8343195266273,30,32.82248520710059,1542.6568047337278
p143,2,a2_0,1903.704142011833,45,49.23372781065089,1952.937869822484
p143,3,a1_0,1542.6568047337278,15,16.411242603550296,1559.0680473372781
p14,4,a2_0,1952.937869822484,30,32.82248520710059,1985.7603550295844
p144,1,a1_0,1559.0680473372781,15,16.411242603550296,1575.4792899408285
p144,2,a4_0,1280.0769230769226,45,49.23372781065089,1329.3106508875735
p144,4,a2_0,1985.7603550295844,30,32.82248520710059,2018.582840236685
p145,1,a1_0,1575.4792899408285,30,32.82248520710059,1608.301775147929
p145,2,a2_0,2018.582840236685,45,49.23372781065089,2067.8165680473357
p145,3,a1_0,1608.301775147929,15,16.411242603550296,1624.7130177514794
p146,1,a1_0,1624.7130177514794,15,16.411242603550296,1641.1242603550297
p146,2,a4_0,1329.3106508875735,45,49.23372781065089,1378.5443786982244
p146,4,a2_0,2067.8165680473357,30,32.82248520710059,2100.6390532544365
p147,1,a1_0,1641.1242603550297,30,32.82248520710059,1673.9467455621302
p147,2,a2_0,2100.6390532544365,45,49.23372781065089,2149.8727810650876
p147,3,a1_0,1673.9467455621302,15,16.411242603550296,1690.3579881656806
p148,1,a1_0,1690.3579881656806,30,32.82248520710059,1723.180473372781
p148,2,a2_0,2149.8727810650876,45,49.23372781065089,2199.1065088757387
p148,3,a1_0,1723.180473372781,15,16.411242603550296,1739.5917159763314
p149,1,a1_0,1739.5917159763314,15,16.411242603550296,1756.0029585798818
p149,2,a4_0,1378.5443786982244,45,49.23372781065089,1427.7781065088752
p149,4,a2_0,2199.1065088757387,30,32.82248520710059,2231.9289940828394
p150,1,a1_0,1756.0029585798818,15,16.411242603550296,1772.4142011834322
p150,2,a4_0,1427.7781065088752,45,49.23372781065089,1477.011834319526
p150,4,a2_0,2231.9289940828394,30,32.82248520710059,2264.75147928994
p15,1,a1_0,1772.4142011834322,30,32.82248520710059,1805.2366863905327
p151,1,a1_0,1805.2366863905327,30,32.82248520710059,1838.0591715976332
p151,2,a2_0,2264.75147928994,45,49.23372781065089,2313.985207100591
p151,3,a1_0,1838.0591715976332,15,16.411242603550296,1854.4704142011835
p15,2,a2_0,2313.985207100591,45,49.23372781065089,2363.2189349112423
p152,1,a1_0,1854.4704142011835,30,32.82248520710059,1887.292899408284
p152,2,a2_0,2363.2189349112423,45,49.23372781065089,2412.4526627218934
p152,3,a1_0,1887.292899408284,15,16.411242603550296,1903.7041420118344
p15,3,a1_0,1903.7041420118344,15,16.411242603550296,1920.1153846153848
p16,1,a1_0,1920.1153846153848,30,32.82248520710059,1952.9378698224853
p16,2,a2_0,2412.4526627218934,45,49.23372781065089,2461.6863905325445
p16,3,a1_0,1952.9378698224853,15,16.411242603550296,1969.3491124260356
p17,1,a1_0,1969.3491124260356,15,16.411242603550296,1985.760355029586
p17,2,a4_0,1477.011834319526,45,49.23372781065089,1526.245562130177
p17,4,a2_0,2461.6863905325445,30,32.82248520710059,2494.508875739645
p18,1,a1_0,1985.760355029586,15,16.411242603550296,2002.1715976331363
p18,2,a4_0,1526.245562130177,45,49.23372781065089,1575.4792899408278
p18,4,a2_0,2494.508875739645,30,32.82248520710059,2527.331360946746
p19,1,a1_0,2002.1715976331363,30,32.82248520710059,2034.9940828402368
p19,2,a2_0,2527.331360946746,45,49.23372781065089,2576.565088757397
p19,3,a1_0,2034.9940828402368,15,16.411242603550296,2051.405325443787
p20,1,a1_0,2051.405325443787,15,16.411242603550296,2067.8165680473376
p20,2,a4_0,1575.4792899408278,45,49.23372781065089,1624.7130177514787
p20,4,a2_0,2576.565088757397,30,32.82248520710059,2609.3875739644977
p21,1,a1_0,2067.8165680473376,15,16.411242603550296,2084.227810650888
p21,2,a4_0,1624.7130177514787,45,49.23372781065089,1673.9467455621295
p21,4,a2_0,2609.3875739644977,30,32.82248520710059,2642.2100591715985
p22,1,a1_0,2084.227810650888,30,32.82248520710059,2117.0502958579887
p22,2,a2_0,2642.2100591715985,45,49.23372781065089,2691.4437869822495
p22,3,a1_0,2117.0502958579887,15,16.411242603550296,2133.461538461539
p23,1,a1_0,2133.461538461539,15,16.411242603550296,2149.8727810650894
p23,2,a4_0,1673.9467455621295,45,49.23372781065089,1723.1804733727804
p23,4,a2_0,2691.4437869822495,30,32.82248520710059,2724.2662721893503
p24,1,a1_0,2149.8727810650894,15,16.411242603550296,2166.2840236686397
p24,2,a4_0,1723.1804733727804,45,49.23372781065089,1772.4142011834313
p24,4,a2_0,2724.2662721893503,30,32.82248520710059,2757.088757396451
p25,1,a1_0,2166.2840236686397,30,32.82248520710059,2199.1065088757405
p25,2,a2_0,2757.088757396451,45,49.23372781065089,2806.322485207102
p25,3,a1_0,2199.1065088757405,15,16.411242603550296,2215.517751479291
p26,1,a1_0,2215.517751479291,30,32.82248520710059,2248.3402366863916
p26,2,a2_0,2806.322485207102,45,49.23372781065089,2855.556213017753
p26,3,a1_0,2248.3402366863916,15,16.411242603550296,2264.751479289942
p27,1,a1_0,2264.751479289942,15,16.411242603550296,2281.1627218934923
p27,2,a4_0,1772.4142011834313,45,49.23372781065089,1821.6479289940821
p27,4,a2_0,2855.556213017753,30,32.82248520710059,2888.378698224854
p28,1,a1_0,2281.1627218934923,30,32.82248520710059,2313.985207100593
p28,2,a2_0,2888.378698224854,45,49.23372781065089,2937.612426035505
p28,3,a1_0,2313.985207100593,15,16.411242603550296,2330.3964497041434
p29,1,a1_0,2330.3964497041434,30,32.82248520710059,2363.218934911244
p29,2,a2_0,2937.612426035505,45,49.23372781065089,2986.846153846156
p29,3,a1_0,2363.218934911244,15,16.411242603550296,2379.6301775147945
p30,1,a1_0,2379.6301775147945,30,32.82248520710059,2412.452662721895
p30,2,a2_0,2986.846153846156,45,49.23372781065089,3036.079881656807
p30,3,a1_0,2412.452662721895,15,16.411242603550296,2428.8639053254456
p3,1,a1_0,2428.8639053254456,15,16.411242603550296,2445.275147928996
p31,1,a1_0,2445.275147928996,15,16.411242603550296,2461.6863905325463
p31,2,a4_0,1821.6479289940821,45,49.23372781065089,1870.881656804733
p31,4,a2_0,3036.079881656807,30,32.82248520710059,3068.902366863908
p3,2,a4_0,1870.881656804733,45,49.23372781065089,1920.1153846153838
p32,1,a1_0,2461.6863905325463,15,16.411242603550296,2478.0976331360966
p32,2,a4_0,1920.1153846153838,45,49.23372781065089,1969.3491124260347
p32,4,a2_0,3068.902366863908,30,32.82248520710059,3101.7248520710086
p33,1,a1_0,2478.0976331360966,15,16.411242603550296,2494.508875739647
p33,2,a4_0,1969.3491124260347,45,49.23372781065089,2018.5828402366856
p33,4,a2_0,3101.7248520710086,30,32.82248520710059,3134.5473372781094
p3,4,a2_0,3134.5473372781094,30,32.82248520710059,3167.36982248521
p34,1,a1_0,2494.508875739647,15,16.411242603550296,2510.9201183431974
p34,2,a4_0,2018.5828402366856,45,49.23372781065089,2067.8165680473367
p34,4,a2_0,3167.36982248521,30,32.82248520710059,3200.192307692311
p35,1,a1_0,2510.9201183431974,15,16.411242603550296,2527.3313609467477
p35,2,a4_0,2067.8165680473367,45,49.23372781065089,2117.0502958579877
p35,4,a2_0,3200.192307692311,30,32.82248520710059,3233.0147928994115
p36,1,a1_0,2527.3313609467477,15,16.411242603550296,2543.742603550298
p36,2,a4_0,2117.0502958579877,45,49.23372781065089,2166.284023668639
p36,4,a2_0,3233.0147928994115,30,32.82248520710059,3265.8372781065123
p37,1,a1_0,2543.742603550298,30,32.82248520710059,2576.565088757399
p37,2,a2_0,3265.8372781065123,45,49.23372781065089,3315.0710059171633
p37,3,a1_0,2576.565088757399,15,16.411242603550296,2592.976331360949
p38,1,a1_0,2592.976331360949,15,16.411242603550296,2609.3875739644996
p38,2,a4_0,2166.284023668639,45,49.23372781065089,2215.51775147929
p38,4,a2_0,3315.0710059171633,30,32.82248520710059,3347.893491124264
p39,1,a1_0,2609.3875739644996,15,16.411242603550296,2625.79881656805
p39,2,a4_0,2215.51775147929,45,49.23372781065089,2264.751479289941
p39,4,a2_0,3347.893491124264,30,32.82248520710059,3380.715976331365
p40,1,a1_0,2625.79881656805,15,16.411242603550296,2642.2100591716003
p40,2,a4_0,2264.751479289941,45,49.23372781065089,2313.985207100592
p40,4,a2_0,3380.715976331365,30,32.82248520710059,3413.5384615384655
p4,1,a1_0,2642.2100591716003,30,32.82248520710059,2675.032544378701
p41,1,a1_0,2675.032544378701,15,16.411242603550296,2691.4437869822514
p41,2,a4_0,2313.985207100592,45,49.23372781065089,2363.218934911243
p41,4,a2_0,3413.5384615384655,30,32.82248520710059,3446.3609467455663
p4,2,a2_0,3446.3609467455663,45,49.23372781065089,3495.5946745562173
p42,1,a1_0,2691.4437869822514,15,16.411242603550296,2707.8550295858017
p42,2,a4_0,2363.218934911243,45,49.23372781065089,2412.4526627218943
p42,4,a2_0,3495.5946745562173,30,32.82248520710059,3528.417159763318
p4,3,a1_0,2707.8550295858017,15,16.411242603550296,2724.266272189352
p43,1,a1_0,2724.266272189352,15,16.411242603550296,2740.6775147929025
p43,2,a4_0,2412.4526627218943,45,49.23372781065089,2461.6863905325454
p43,4,a2_0,3528.417159763318,30,32.82248520710059,3561.239644970419
p44,1,a1_0,2740.6775147929025,30,32.82248520710059,2773.500000000003
p44,2,a2_0,3561.239644970419,45,49.23372781065089,3610.47337278107
p44,3,a1_0,2773.500000000003,15,16.411242603550296,2789.9112426035535
p45,1,a1_0,2789.9112426035535,30,32.82248520710059,2822.7337278106543
p45,2,a2_0,3610.47337278107,45,49.23372781065089,3659.707100591721
p45,3,a1_0,2822.7337278106543,15,16.411242603550296,2839.1449704142046
p46,1,a1_0,2839.1449704142046,30,32.82248520710059,2871.9674556213054
p46,2,a2_0,3659.707100591721,45,49.23372781065089,3708.940828402372
p46,3,a1_0,2871.9674556213054,15,16.411242603550296,2888.3786982248557
p47,1,a1_0,2888.3786982248557,30,32.82248520710059,2921.2011834319565
p47,2,a2_0,3708.940828402372,45,49.23372781065089,3758.174556213023
p47,3,a1_0,2921.2011834319565,15,16.411242603550296,2937.612426035507
p48,1,a1_0,2937.612426035507,30,32.82248520710059,2970.4349112426075
p48,2,a2_0,3758.174556213023,45,49.23372781065089,3807.4082840236742
p48,3,a1_0,2970.4349112426075,15,16.411242603550296,2986.846153846158
p49,1,a1_0,2986.846153846158,30,32.82248520710059,3019.6686390532586
p49,2,a2_0,3807.4082840236742,45,49.23372781065089,3856.6420118343253
p49,3,a1_0,3019.6686390532586,15,16.411242603550296,3036.079881656809
p50,1,a1_0,3036.079881656809,30,32.82248520710059,3068.9023668639097
p50,2,a2_0,3856.6420118343253,45,49.23372781065089,3905.8757396449764
p50,3,a1_0,3068.9023668639097,15,16.411242603550296,3085.31360946746
p5,1,a1_0,3085.31360946746,30,32.82248520710059,3118.136094674561
p51,1,a1_0,3118.136094674561,15,16.411242603550296,3134.547337278111
p51,2,a4_0,2461.6863905325454,45,49.23372781065089,2510.9201183431965
p51,4,a2_0,3905.8757396449764,30,32.82248520710059,3938.698224852077
p5,2,a2_0,3938.698224852077,45,49.23372781065089,3987.9319526627282
p52,1,a1_0,3134.547337278111,30,32.82248520710059,3167.369822485212
p52,2,a2_0,3987.9319526627282,45,49.23372781065089,4037.1656804733793
p52,3,a1_0,3167.369822485212,15,16.411242603550296,3183.7810650887623
p5,3,a1_0,3183.7810650887623,15,16.411242603550296,3200.1923076923126
p53,1,a1_0,3200.1923076923126,30,32.82248520710059,3233.0147928994134
p53,2,a2_0,4037.1656804733793,45,49.23372781065089,4086.3994082840304
p53,3,a1_0,3233.0147928994134,15,16.411242603550296,3249.4260355029637
p54,1,a1_0,3249.4260355029637,30,32.82248520710059,3282.2485207100644
p54,2,a2_0,4086.3994082840304,45,49.23372781065089,4135.6331360946815
p54,3,a1_0,3282.2485207100644,15,16.411242603550296,3298.659763313615
p55,1,a1_0,3298.659763313615,30,32.82248520710059,3331.4822485207155
p55,2,a2_0,4135.6331360946815,45,49.23372781065089,4184.866863905332
p55,3,a1_0,3331.4822485207155,15,16.411242603550296,3347.893491124266
p56,1,a1_0,3347.893491124266,15,16.411242603550296,3364.3047337278163
p56,2,a4_0,2510.9201183431965,45,49.23372781065089,2560.1538461538476
p56,4,a2_0,4184.866863905332,30,32.82248520710059,4217.689349112433
p57,1,a1_0,3364.3047337278163,15,16.411242603550296,3380.7159763313666
p57,2,a4_0,2560.1538461538476,45,49.23372781065089,2609.3875739644986
p57,4,a2_0,4217.689349112433,30,32.82248520710059,4250.511834319534
p58,1,a1_0,3380.7159763313666,15,16.411242603550296,3397.127218934917
p58,2,a4_0,2609.3875739644986,45,49.23372781065089,2658.6213017751497
p58,4,a2_0,4250.511834319534,30,32.82248520710059,4283.334319526634
p59,1,a1_0,3397.127218934917,30,32.82248520710059,3429.9497041420177
p59,2,a2_0,4283.334319526634,45,49.23372781065089,4332.568047337285
p59,3,a1_0,3429.9497041420177,15,16.411242603550296,3446.360946745568
p60,1,a1_0,3446.360946745568,15,16.411242603550296,3462.7721893491184
p60,2,a4_0,2658.6213017751497,45,49.23372781065089,2707.855029585801
p60,4,a2_0,4332.568047337285,30,32.82248520710059,4365.390532544386
p6,1,a1_0,3462.7721893491184,30,32.82248520710059,3495.594674556219
p61,1,a1_0,3495.594674556219,30,32.82248520710059,3528.41715976332
p61,2,a2_0,4365.390532544386,45,49.23372781065089,4414.624260355036
p61,3,a1_0,3528.41715976332,15,16.411242603550296,3544.8284023668703
p6,2,a2_0,4414.624260355036,45,49.23372781065089,4463.857988165687
p62,1,a1_0,3544.8284023668703,30,32.82248520710059,3577.650887573971
p62,2,a2_0,4463.857988165687,45,49.23372781065089,4513.091715976338
p62,3,a1_0,3577.650887573971,15,16.411242603550296,3594.0621301775213
p6,3,a1_0,3594.0621301775213,15,16.411242603550296,3610.4733727810717
p63,1,a1_0,3610.4733727810717,15,16.411242603550296,3626.884615384622
p63,2,a4_0,2707.855029585801,45,49.23372781065089,2757.088757396452
p63,4,a2_0,4513.091715976338,30,32.82248520710059,4545.914201183438
p64,1,a1_0,3626.884615384622,15,16.411242603550296,3643.2958579881724
p64,2,a4_0,2757.088757396452,45,49.23372781065089,2806.322485207103
p64,4,a2_0,4545.914201183438,30,32.82248520710059,4578.736686390539
p65,1,a1_0,3643.2958579881724,15,16.411242603550296,3659.707100591723
p65,2,a4_0,2806.322485207103,45,49.23372781065089,2855.556213017754
p65,4,a2_0,4578.736686390539,30,32.82248520710059,4611.55917159764
p66,1,a1_0,3659.707100591723,15,16.411242603550296,3676.118343195273
p66,2,a4_0,2855.556213017754,45,49.23372781065089,2904.789940828405
p66,4,a2_0,4611.55917159764,30,32.82248520710059,4644.3816568047405
p67,1,a1_0,3676.118343195273,15,16.411242603550296,3692.5295857988235
p67,2,a4_0,2904.789940828405,45,49.23372781065089,2954.0236686390563
p67,4,a2_0,4644.3816568047405,30,32.82248520710059,4677.204142011841
p68,1,a1_0,3692.5295857988235,15,16.411242603550296,3708.940828402374
p68,2,a4_0,2954.0236686390563,45,49.23372781065089,3003.2573964497074
p68,4,a2_0,4677.204142011841,30,32.82248520710059,4710.026627218942
p69,1,a1_0,3708.940828402374,30,32.82248520710059,3741.7633136094746
p69,2,a2_0,4710.026627218942,45,49.23372781065089,4759.260355029593
p69,3,a1_0,3741.7633136094746,15,16.411242603550296,3758.174556213025
p70,1,a1_0,3758.174556213025,30,32.82248520710059,3790.9970414201257
p70,2,a2_0,4759.260355029593,45,49.23372781065089,4808.494082840243
p70,3,a1_0,3790.9970414201257,15,16.411242603550296,3807.408284023676
p7,1,a1_0,3807.408284023676,15,16.411242603550296,3823.8195266272264
p71,1,a1_0,3823.8195266272264,30,32.82248520710059,3856.642011834327
p71,2,a2_0,4808.494082840243,45,49.23372781065089,4857.727810650894
p71,3,a1_0,3856.642011834327,15,16.411242603550296,3873.0532544378775
p7,2,a4_0,3003.2573964497074,45,49.23372781065089,3052.4911242603584
p72,1,a1_0,3873.0532544378775,30,32.82248520710059,3905.8757396449782
p72,2,a2_0,4857.727810650894,45,49.23372781065089,4906.9615384615445
p72,3,a1_0,3905.8757396449782,15,16.411242603550296,3922.2869822485286
p73,1,a1_0,3922.2869822485286,30,32.82248520710059,3955.1094674556293
p73,2,a2_0,4906.9615384615445,45,49.23372781065089,4956.195266272195
p73,3,a1_0,3955.1094674556293,15,16.411242603550296,3971.5207100591797
p7,4,a2_0,4956.195266272195,30,32.82248520710059,4989.017751479296
p74,1,a1_0,3971.5207100591797,15,16.411242603550296,3987.93195266273
p74,2,a4_0,3052.4911242603584,45,49.23372781065089,3101.7248520710095
p74,4,a2_0,4989.017751479296,30,32.82248520710059,5021.840236686397
p75,1,a1_0,3987.93195266273,15,16.411242603550296,4004.3431952662804
p75,2,a4_0,3101.7248520710095,45,49.23372781065089,3150.9585798816606
p75,4,a2_0,5021.840236686397,30,32.82248520710059,5054.662721893497
p76,1,a1_0,4004.3431952662804,30,32.82248520710059,4037.165680473381
p76,2,a2_0,5054.662721893497,45,49.23372781065089,5103.896449704148
p76,3,a1_0,4037.165680473381,15,16.411242603550296,4053.5769230769315
p77,1,a1_0,4053.5769230769315,15,16.411242603550296,4069.988165680482
p77,2,a4_0,3150.9585798816606,45,49.23372781065089,3200.1923076923117
p77,4,a2_0,5103.896449704148,30,32.82248520710059,5136.718934911249
p78,1,a1_0,4069.988165680482,30,32.82248520710059,4102.810650887583
p78,2,a2_0,5136.718934911249,45,49.23372781065089,5185.952662721899
p78,3,a1_0,4102.810650887583,15,16.411242603550296,4119.2218934911325
p79,1,a1_0,4119.2218934911325,15,16.411242603550296,4135.633136094682
p79,2,a4_0,3200.1923076923117,45,49.23372781065089,3249.426035502963
p79,4,a2_0,5185.952662721899,30,32.82248520710059,5218.775147929
p80,1,a1_0,4135.633136094682,30,32.82248520710059,4168.455621301783
p80,2,a2_0,5218.775147929,45,49.23372781065089,5268.008875739651
p80,3,a1_0,4168.455621301783,15,16.411242603550296,4184.866863905333
p8,1,a1_0,4184.866863905333,15,16.411242603550296,4201.278106508883
p81,1,a1_0,4201.278106508883,30,32.82248520710059,4234.100591715984
p81,2,a2_0,5268.008875739651,45,49.23372781065089,5317.242603550301
p81,3,a1_0,4234.100591715984,15,16.411242603550296,4250.511834319534
p8,2,a4_0,3249.426035502963,45,49.23372781065089,3298.659763313614
p82,1,a1_0,4250.511834319534,30,32.82248520710059,4283.334319526634
p82,2,a2_0,5317.242603550301,45,49.23372781065089,5366.476331360952
p82,3,a1_0,4283.334319526634,15,16.411242603550296,4299.745562130184
p83,1,a1_0,4299.745562130184,15,16.411242603550296,4316.156804733734
p83,2,a4_0,3298.659763313614,45,49.23372781065089,3347.893491124265
p83,4,a2_0,5366.476331360952,30,32.82248520710059,5399.298816568053
p8,4,a2_0,5399.298816568053,30,32.82248520710059,5432.121301775153
p84,1,a1_0,4316.156804733734,30,32.82248520710059,4348.979289940835
p84,2,a2_0,5432.121301775153,45,49.23372781065089,5481.355029585804
p84,3,a1_0,4348.979289940835,15,16.411242603550296,4365.390532544385
p85,1,a1_0,4365.390532544385,15,16.411242603550296,4381.801775147935
p85,2,a4_0,3347.893491124265,45,49.23372781065089,3397.127218934916
p85,4,a2_0,5481.355029585804,30,32.82248520710059,5514.177514792905
p86,1,a1_0,4381.801775147935,15,16.411242603550296,4398.213017751485
p86,2,a4_0,3397.127218934916,45,49.23372781065089,3446.360946745567
p86,4,a2_0,5514.177514792905,30,32.82248520710059,5547.0000000000055
p87,1,a1_0,4398.213017751485,30,32.82248520710059,4431.035502958585
p87,2,a2_0,5547.0000000000055,45,49.23372781065089,5596.233727810656
p87,3,a1_0,4431.035502958585,15,16.411242603550296,4447.446745562135
p88,1,a1_0,4447.446745562135,30,32.82248520710059,4480.269230769236
p88,2,a2_0,5596.233727810656,45,49.23372781065089,5645.467455621307
p88,3,a1_0,4480.269230769236,15,16.411242603550296,4496.680473372786
p89,1,a1_0,4496.680473372786,15,16.411242603550296,4513.091715976336
p89,2,a4_0,3446.360946745567,45,49.23372781065089,3495.5946745562183
p89,4,a2_0,5645.467455621307,30,32.82248520710059,5678.289940828407
p90,1,a1_0,4513.091715976336,15,16.411242603550296,4529.502958579886
p90,2,a4_0,3495.5946745562183,45,49.23372781065089,3544.8284023668693
p90,4,a2_0,5678.289940828407,30,32.82248520710059,5711.112426035508
p9,1,a1_0,4529.502958579886,15,16.411242603550296,4545.914201183436
p91,1,a1_0,4545.914201183436,30,32.82248520710059,4578.736686390536
p91,2,a2_0,5711.112426035508,45,49.23372781065089,5760.346153846159
p91,3,a1_0,4578.736686390536,15,16.411242603550296,4595.147928994086
p9,2,a4_0,3544.8284023668693,45,49.23372781065089,3594.0621301775204
p92,1,a1_0,4595.147928994086,30,32.82248520710059,4627.970414201187
p92,2,a2_0,5760.346153846159,45,49.23372781065089,5809.579881656809
p92,3,a1_0,4627.970414201187,15,16.411242603550296,4644.381656804737
p93,1,a1_0,4644.381656804737,30,32.82248520710059,4677.204142011838
p93,2,a2_0,5809.579881656809,45,49.23372781065089,5858.81360946746
p93,3,a1_0,4677.204142011838,15,16.411242603550296,4693.6153846153875
p9,4,a2_0,5858.81360946746,30,32.82248520710059,5891.636094674561
p94,1,a1_0,4693.6153846153875,15,16.411242603550296,4710.026627218937
p94,2,a4_0,3594.0621301775204,45,49.23372781065089,3643.2958579881715
p94,4,a2_0,5891.636094674561,30,32.82248520710059,5924.4585798816615
p95,1,a1_0,4710.026627218937,15,16.411242603550296,4726.437869822487
p95,2,a4_0,3643.2958579881715,45,49.23372781065089,3692.5295857988226
p95,4,a2_0,5924.4585798816615,30,32.82248520710059,5957.281065088762
p96,1,a1_0,4726.437869822487,30,32.82248520710059,4759.260355029588
p96,2,a2_0,5957.281065088762,45,49.23372781065089,6006.514792899413
p96,3,a1_0,4759.260355029588,15,16.411242603550296,4775.671597633138
p97,1,a1_0,4775.671597633138,30,32.82248520710059,4808.494082840239
p97,2,a2_0,6006.514792899413,45,49.23372781065089,6055.7485207100635
p97,3,a1_0,4808.494082840239,15,16.411242603550296,4824.905325443789
p98,1,a1_0,4824.905325443789,30,32.82248520710059,4857.727810650889
p98,2,a2_0,6055.7485207100635,45,49.23372781065089,6104.982248520714
p98,3,a1_0,4857.727810650889,15,16.411242603550296,4874.139053254439
p99,1,a1_0,4874.139053254439,15,16.411242603550296,4890.550295857989
p99,2,a4_0,3692.5295857988226,45,49.23372781065089,3741.7633136094737
p99,4,a2_0,6104.982248520714,30,32.82248520710059,6137.804733727815
p100,3,a3_0,49.23372781065089,15,16.411242603550296,65.64497041420118
p100,5,a4_0,3741.7633136094737,15,16.411242603550296,3758.174556213024
p101,3,a3_0,98.46745562130178,15,16.411242603550296,114.87869822485207
p10,4,a3_0,114.87869822485207,15,16.411242603550296,131.28994082840237
p101,5,a4_0,3758.174556213024,15,16.411242603550296,3774.5857988165744
p102,3,a3_0,147.70118343195267,15,16.411242603550296,164.11242603550298
p102,5,a4_0,3774.5857988165744,15,16.411242603550296,3790.997041420125
p103,4,a3_0,196.93491124260356,15,16.411242603550296,213.34615384615387
p104,3,a3_0,213.34615384615387,15,16.411242603550296,229.75739644970417
p105,3,a3_0,246.16863905325445,15,16.411242603550296,262.57988165680473
p104,5,a4_0,3790.997041420125,15,16.411242603550296,3807.408284023675
p105,5,a4_0,3807.408284023675,15,16.411242603550296,3823.8195266272255
p106,3,a3_0,295.40236686390534,15,16.411242603550296,311.81360946745565
p106,5,a4_0,3823.8195266272255,15,16.411242603550296,3840.230769230776
p107,4,a3_0,344.63609467455626,15,16.411242603550296,361.04733727810657
p108,3,a3_0,361.04733727810657,15,16.411242603550296,377.4585798816569
p108,5,a4_0,3840.230769230776,15,16.411242603550296,3856.6420118343262
p109,4,a3_0,426.69230769230774,15,16.411242603550296,443.10355029585804
p110,4,a3_0,475.9260355029586,15,16.411242603550296,492.3372781065089
p112,3,a3_0,492.3372781065089,15,16.411242603550296,508.7485207100592
p111,4,a3_0,525.1597633136095,15,16.411242603550296,541.5710059171597
p113,3,a3_0,541.5710059171597,15,16.411242603550296,557.98224852071
p11,4,a3_0,574.3934911242603,15,16.411242603550296,590.8047337278106
p115,3,a3_0,590.8047337278106,15,16.411242603550296,607.2159763313608
p112,5,a4_0,3856.6420118343262,15,16.411242603550296,3873.0532544378766
p113,5,a4_0,3873.0532544378766,15,16.411242603550296,3889.464497041427
p117,3,a3_0,623.6272189349113,15,16.411242603550296,640.0384615384615
p118,3,a3_0,640.0384615384615,15,16.411242603550296,656.4497041420118
p114,4,a3_0,689.2721893491124,15,16.411242603550296,705.6834319526627
p115,5,a4_0,3889.464497041427,15,16.411242603550296,3905.8757396449773
p120,3,a3_0,705.6834319526627,15,16.411242603550296,722.0946745562129
p116,4,a3_0,771.3284023668639,15,16.411242603550296,787.7396449704141
p121,3,a3_0,787.7396449704141,15,16.411242603550296,804.1508875739644
p117,5,a4_0,3905.8757396449773,15,16.411242603550296,3922.2869822485277
p118,5,a4_0,3922.2869822485277,15,16.411242603550296,3938.698224852078
p123,3,a3_0,836.9733727810649,15,16.411242603550296,853.3846153846151
p124,3,a3_0,853.3846153846151,15,16.411242603550296,869.7958579881654
p119,4,a3_0,886.207100591716,15,16.411242603550296,902.6183431952662
p125,3,a3_0,902.6183431952662,15,16.411242603550296,919.0295857988165
p126,3,a3_0,919.0295857988165,15,16.411242603550296,935.4408284023667
p120,5,a4_0,3938.698224852078,15,16.411242603550296,3955.1094674556284
p121,5,a4_0,3955.1094674556284,15,16.411242603550296,3971.520710059179
p12,4,a3_0,1001.0857988165681,15,16.411242603550296,1017.4970414201183
p122,4,a3_0,1050.319526627219,15,16.411242603550296,1066.7307692307693
p130,3,a3_0,1066.7307692307693,15,16.411242603550296,1083.1420118343196
p123,5,a4_0,3971.520710059179,15,16.411242603550296,3987.931952662729
p131,3,a3_0,1099.5532544378696,15,16.411242603550296,1115.96449704142
p124,5,a4_0,3987.931952662729,15,16.411242603550296,4004.3431952662795
p132,3,a3_0,1115.96449704142,15,16.411242603550296,1132.3757396449703
p125,5,a4_0,4004.3431952662795,15,16.411242603550296,4020.75443786983
p126,5,a4_0,4020.75443786983,15,16.411242603550296,4037.1656804733802
p127,4,a3_0,1230.8431952662718,15,16.411242603550296,1247.2544378698221
p128,4,a3_0,1280.0769230769226,15,16.411242603550296,1296.488165680473
p135,3,a3_0,1296.488165680473,15,16.411242603550296,1312.8994082840234
p136,3,a3_0,1312.8994082840234,15,16.411242603550296,1329.3106508875737
p129,4,a3_0,1329.3106508875737,15,16.411242603550296,1345.721893491124
p130,5,a4_0,4037.1656804733802,15,16.411242603550296,4053.5769230769306
p131,5,a4_0,4053.5769230769306,15,16.411242603550296,4069.988165680481
p13,4,a3_0,1444.1893491124254,15,16.411242603550296,1460.6005917159757
p140,3,a3_0,1460.6005917159757,15,16.411242603550296,1477.011834319526
p14,3,a3_0,1477.011834319526,15,16.411242603550296,1493.4230769230765
p132,5,a4_0,4069.988165680481,15,16.411242603550296,4086.3994082840313
p141,3,a3_0,1493.4230769230765,15,16.411242603550296,1509.8343195266268
p133,4,a3_0,1526.2455621301767,15,16.411242603550296,1542.656804733727
p134,4,a3_0,1575.4792899408276,15,16.411242603550296,1591.890532544378
p144,3,a3_0,1591.890532544378,15,16.411242603550296,1608.3017751479283
p135,5,a4_0,4086.3994082840313,15,16.411242603550296,4102.810650887582
p136,5,a4_0,4102.810650887582,15,16.411242603550296,4119.221893491132
p146,3,a3_0,1641.1242603550297,15,16.411242603550296,1657.53550295858
p137,4,a3_0,1690.3579881656794,15,16.411242603550296,1706.7692307692298
p138,4,a3_0,1739.5917159763303,15,16.411242603550296,1756.0029585798807
p139,4,a3_0,1788.8254437869812,15,16.411242603550296,1805.2366863905315
p149,3,a3_0,1805.2366863905315,15,16.411242603550296,1821.647928994082
p150,3,a3_0,1821.647928994082,15,16.411242603550296,1838.0591715976323
p140,5,a4_0,4119.221893491132,15,16.411242603550296,4135.6331360946815
p141,5,a4_0,4135.6331360946815,15,16.411242603550296,4152.044378698231
p142,4,a3_0,1903.704142011833,15,16.411242603550296,1920.1153846153834
p143,4,a3_0,1952.937869822484,15,16.411242603550296,1969.3491124260343
p14,5,a4_0,4152.044378698231,15,16.411242603550296,4168.455621301781
p17,3,a3_0,1985.760355029586,15,16.411242603550296,2002.1715976331363
p144,5,a4_0,4168.455621301781,15,16.411242603550296,4184.866863905331
p18,3,a3_0,2002.1715976331363,15,16.411242603550296,2018.5828402366867
p145,4,a3_0,2067.8165680473357,15,16.411242603550296,2084.227810650886
p20,3,a3_0,2084.227810650886,15,16.411242603550296,2100.6390532544365
p146,5,a4_0,4184.866863905331,15,16.411242603550296,4201.278106508881
p21,3,a3_0,2100.6390532544365,15,16.411242603550296,2117.050295857987
p147,4,a3_0,2149.8727810650876,15,16.411242603550296,2166.284023668638
p23,3,a3_0,2166.284023668638,15,16.411242603550296,2182.6952662721883
p148,4,a3_0,2199.1065088757387,15,16.411242603550296,2215.517751479289
p24,3,a3_0,2215.517751479289,15,16.411242603550296,2231.9289940828394
p149,5,a4_0,4201.278106508881,15,16.411242603550296,4217.689349112431
p150,5,a4_0,4217.689349112431,15,16.411242603550296,4234.100591715981
p151,4,a3_0,2313.985207100591,15,16.411242603550296,2330.3964497041416
p27,3,a3_0,2330.3964497041416,15,16.411242603550296,2346.807692307692
p15,4,a3_0,2363.2189349112423,15,16.411242603550296,2379.6301775147926
p152,4,a3_0,2412.4526627218934,15,16.411242603550296,2428.8639053254437
p16,4,a3_0,2461.6863905325445,15,16.411242603550296,2478.097633136095
p3,3,a3_0,2478.097633136095,15,16.411242603550296,2494.508875739645
p31,3,a3_0,2494.508875739645,15,16.411242603550296,2510.9201183431956
p17,5,a4_0,4234.100591715981,15,16.411242603550296,4250.511834319531
p32,3,a3_0,2510.9201183431956,15,16.411242603550296,2527.331360946746
p33,3,a3_0,2527.331360946746,15,16.411242603550296,2543.7426035502963
p18,5,a4_0,4250.511834319531,15,16.411242603550296,4266.923076923081
p34,3,a3_0,2543.7426035502963,15,16.411242603550296,2560.1538461538466
p35,3,a3_0,2560.1538461538466,15,16.411242603550296,2576.565088757397
p19,4,a3_0,2576.565088757397,15,16.411242603550296,2592.9763313609474
p36,3,a3_0,2592.9763313609474,15,16.411242603550296,2609.3875739644977
p20,5,a4_0,4266.923076923081,15,16.411242603550296,4283.334319526631
p38,3,a3_0,2609.3875739644996,15,16.411242603550296,2625.79881656805
p21,5,a4_0,4283.334319526631,15,16.411242603550296,4299.745562130181
p39,3,a3_0,2625.79881656805,15,16.411242603550296,2642.2100591716003
p40,3,a3_0,2642.2100591716003,15,16.411242603550296,2658.6213017751506
p22,4,a3_0,2691.4437869822495,15,16.411242603550296,2707.8550295858
p41,3,a3_0,2707.8550295858,15,16.411242603550296,2724.2662721893503
p23,5,a4_0,4299.745562130181,15,16.411242603550296,4316.1568047337305
p42,3,a3_0,2724.2662721893503,15,16.411242603550296,2740.6775147929006
p24,5,a4_0,4316.1568047337305,15,16.411242603550296,4332.56804733728
p43,3,a3_0,2740.6775147929025,15,16.411242603550296,2757.088757396453
p25,4,a3_0,2806.322485207102,15,16.411242603550296,2822.7337278106525
p26,4,a3_0,2855.556213017753,15,16.411242603550296,2871.9674556213035
p27,5,a4_0,4332.56804733728,15,16.411242603550296,4348.97928994083
p28,4,a3_0,2937.612426035505,15,16.411242603550296,2954.0236686390554
p29,4,a3_0,2986.846153846156,15,16.411242603550296,3003.2573964497064
p30,4,a3_0,3036.079881656807,15,16.411242603550296,3052.4911242603575
p31,5,a4_0,4348.97928994083,15,16.411242603550296,4365.39053254438
p32,5,a4_0,4365.39053254438,15,16.411242603550296,4381.80177514793
p33,5,a4_0,4381.80177514793,15,16.411242603550296,4398.21301775148
p51,3,a3_0,3134.547337278111,15,16.411242603550296,3150.9585798816615
p3,5,a4_0,4398.21301775148,15,16.411242603550296,4414.62426035503
p34,5,a4_0,4414.62426035503,15,16.411242603550296,4431.03550295858
p35,5,a4_0,4431.03550295858,15,16.411242603550296,4447.44674556213
p36,5,a4_0,4447.44674556213,15,16.411242603550296,4463.85798816568
p37,4,a3_0,3315.0710059171633,15,16.411242603550296,3331.4822485207137
p38,5,a4_0,4463.85798816568,15,16.411242603550296,4480.26923076923
p39,5,a4_0,4480.26923076923,15,16.411242603550296,4496.6804733727795
p56,3,a3_0,3364.3047337278163,15,16.411242603550296,3380.7159763313666
p57,3,a3_0,3380.7159763313666,15,16.411242603550296,3397.127218934917
p40,5,a4_0,4496.6804733727795,15,16.411242603550296,4513.091715976329
p58,3,a3_0,3397.127218934917,15,16.411242603550296,3413.5384615384673
p41,5,a4_0,4513.091715976329,15,16.411242603550296,4529.502958579879
p4,4,a3_0,3495.5946745562173,15,16.411242603550296,3512.0059171597677
p60,3,a3_0,3512.0059171597677,15,16.411242603550296,3528.417159763318
p42,5,a4_0,4529.502958579879,15,16.411242603550296,4545.914201183429
p43,5,a4_0,4545.914201183429,15,16.411242603550296,4562.325443786979
p44,4,a3_0,3610.47337278107,15,16.411242603550296,3626.8846153846202
p45,4,a3_0,3659.707100591721,15,16.411242603550296,3676.1183431952713
p63,3,a3_0,3676.1183431952713,15,16.411242603550296,3692.5295857988217
p64,3,a3_0,3692.5295857988217,15,16.411242603550296,3708.940828402372
p65,3,a3_0,3708.940828402372,15,16.411242603550296,3725.3520710059224
p46,4,a3_0,3725.3520710059224,15,16.411242603550296,3741.763313609473
p66,3,a3_0,3741.763313609473,15,16.411242603550296,3758.174556213023
p67,3,a3_0,3758.174556213023,15,16.411242603550296,3774.5857988165735
p68,3,a3_0,3774.5857988165735,15,16.411242603550296,3790.997041420124
p47,4,a3_0,3790.997041420124,15,16.411242603550296,3807.4082840236742
p48,4,a3_0,3807.4082840236742,15,16.411242603550296,3823.8195266272246
p49,4,a3_0,3856.6420118343253,15,16.411242603550296,3873.0532544378757
p7,3,a3_0,3873.0532544378757,15,16.411242603550296,3889.464497041426
p50,4,a3_0,3905.8757396449764,15,16.411242603550296,3922.286982248527
p51,5,a4_0,4562.325443786979,15,16.411242603550296,4578.736686390529
p5,4,a3_0,3987.9319526627282,15,16.411242603550296,4004.3431952662786
p74,3,a3_0,4004.3431952662786,15,16.411242603550296,4020.754437869829
p52,4,a3_0,4037.1656804733793,15,16.411242603550296,4053.5769230769297
p75,3,a3_0,4053.5769230769297,15,16.411242603550296,4069.98816568048
p53,4,a3_0,4086.3994082840304,15,16.411242603550296,4102.810650887581
p77,3,a3_0,4102.810650887581,15,16.411242603550296,4119.221893491131
p54,4,a3_0,4135.6331360946815,15,16.411242603550296,4152.044378698231
p79,3,a3_0,4152.044378698231,15,16.411242603550296,4168.455621301781
p55,4,a3_0,4184.866863905332,15,16.411242603550296,4201.278106508882
p56,5,a4_0,4578.736686390529,15,16.411242603550296,4595.147928994079
p8,3,a3_0,4201.278106508883,15,16.411242603550296,4217.689349112433
p57,5,a4_0,4595.147928994079,15,16.411242603550296,4611.559171597629
p58,5,a4_0,4611.559171597629,15,16.411242603550296,4627.970414201179
p59,4,a3_0,4332.568047337285,15,16.411242603550296,4348.979289940835
p83,3,a3_0,4348.979289940835,15,16.411242603550296,4365.390532544385
p60,5,a4_0,4627.970414201179,15,16.411242603550296,4644.381656804729
p85,3,a3_0,4381.801775147935,15,16.411242603550296,4398.213017751485
p61,4,a3_0,4414.624260355036,15,16.411242603550296,4431.035502958586
p86,3,a3_0,4431.035502958586,15,16.411242603550296,4447.446745562136
p6,4,a3_0,4463.857988165687,15,16.411242603550296,4480.269230769237
p62,4,a3_0,4513.091715976338,15,16.411242603550296,4529.5029585798875
p89,3,a3_0,4529.5029585798875,15,16.411242603550296,4545.914201183437
p90,3,a3_0,4545.914201183437,15,16.411242603550296,4562.325443786987
p63,5,a4_0,4644.381656804729,15,16.411242603550296,4660.792899408279
p9,3,a3_0,4562.325443786987,15,16.411242603550296,4578.736686390537
p64,5,a4_0,4660.792899408279,15,16.411242603550296,4677.2041420118285
p65,5,a4_0,4677.2041420118285,15,16.411242603550296,4693.615384615378
p66,5,a4_0,4693.615384615378,15,16.411242603550296,4710.026627218928
p67,5,a4_0,4710.026627218928,15,16.411242603550296,4726.437869822478
p68,5,a4_0,4726.437869822478,15,16.411242603550296,4742.849112426028
p94,3,a3_0,4710.026627218937,15,16.411242603550296,4726.437869822487
p95,3,a3_0,4726.437869822487,15,16.411242603550296,4742.849112426037
p69,4,a3_0,4759.260355029593,15,16.411242603550296,4775.6715976331425
p70,4,a3_0,4808.494082840243,15,16.411242603550296,4824.905325443793
p71,4,a3_0,4857.727810650894,15,16.411242603550296,4874.139053254444
p72,4,a3_0,4906.9615384615445,15,16.411242603550296,4923.372781065094
p99,3,a3_0,4923.372781065094,15,16.411242603550296,4939.784023668644
p73,4,a3_0,4956.195266272195,15,16.411242603550296,4972.606508875745
p7,5,a4_0,4989.017751479296,15,16.411242603550296,5005.428994082846
p74,5,a4_0,5021.840236686397,15,16.411242603550296,5038.2514792899465
p75,5,a4_0,5054.662721893497,15,16.411242603550296,5071.073964497047
p76,4,a3_0,5103.896449704148,15,16.411242603550296,5120.307692307698
p77,5,a4_0,5136.718934911249,15,16.411242603550296,5153.130177514799
p78,4,a3_0,5185.952662721899,15,16.411242603550296,5202.363905325449
p79,5,a4_0,5218.775147929,15,16.411242603550296,5235.18639053255
p80,4,a3_0,5268.008875739651,15,16.411242603550296,5284.420118343201
p81,4,a3_0,5317.242603550301,15,16.411242603550296,5333.653846153851
p82,4,a3_0,5366.476331360952,15,16.411242603550296,5382.887573964502
p83,5,a4_0,5399.298816568053,15,16.411242603550296,5415.710059171603
p8,5,a4_0,5432.121301775153,15,16.411242603550296,5448.532544378703
p84,4,a3_0,5481.355029585804,15,16.411242603550296,5497.766272189354
p85,5,a4_0,5514.177514792905,15,16.411242603550296,5530.588757396455
p86,5,a4_0,5547.0000000000055,15,16.411242603550296,5563.411242603555
p87,4,a3_0,5596.233727810656,15,16.411242603550296,5612.644970414206
p88,4,a3_0,5645.467455621307,15,16.411242603550296,5661.878698224857
p89,5,a4_0,5678.289940828407,15,16.411242603550296,5694.701183431957
p90,5,a4_0,5711.112426035508,15,16.411242603550296,5727.523668639058
p91,4,a3_0,5760.346153846159,15,16.411242603550296,5776.757396449709
p92,4,a3_0,5809.579881656809,15,16.411242603550296,5825.991124260359
p93,4,a3_0,5858.81360946746,15,16.411242603550296,5875.22485207101
p9,5,a4_0,5891.636094674561,15,16.411242603550296,5908.047337278111
p94,5,a4_0,5924.4585798816615,15,16.411242603550296,5940.869822485211
p95,5,a4_0,5957.281065088762,15,16.411242603550296,5973.692307692312
p96,4,a3_0,6006.514792899413,15,16.411242603550296,6022.926035502963
p97,4,a3_0,6055.7485207100635,15,16.411242603550296,6072.159763313613
p98,4,a3_0,6104.982248520714,15,16.411242603550296,6121.393491124264
p99,5,a4_0,6137.804733727815,15,16.411242603550296,6154.215976331365
