job_id,product_type,operation_id,machine,start_time,duration,plan_duration,end_time
job100,p2,1,a1_0,0.0,15,18.0,18.0
job100,p2,2,a4_0,0.0,45,45.0,45.0
job100,p2,4,a2_0,0.0,30,36.0,36.0
job10,p1,1,a1_0,18.0,30,36.0,54.0
job101,p2,1,a1_0,54.0,15,18.0,72.0
job101,p2,2,a4_0,45.0,45,54.0,99.0
job101,p2,4,a2_0,36.0,30,36.0,72.0
job10,p1,2,a2_0,72.0,45,54.0,126.0
job102,p2,1,a1_0,72.0,15,15.0,87.0
job102,p2,2,a4_0,99.0,45,54.0,153.0
job102,p2,4,a2_0,126.0,30,36.0,162.0
job10,p1,3,a1_0,87.0,15,18.0,105.0
job103,p1,1,a1_0,105.0,30,36.0,141.0
job103,p1,2,a2_0,162.0,45,54.0,216.0
job103,p1,3,a1_0,141.0,15,18.0,159.0
job104,p2,1,a1_0,159.0,15,15.0,174.0
job104,p2,2,a4_0,153.0,45,54.0,207.0
job104,p2,4,a2_0,216.0,30,36.0,252.0
job105,p2,1,a1_0,174.0,15,18.0,192.0
job105,p2,2,a4_0,207.0,45,54.0,261.0
job105,p2,4,a2_0,252.0,30,30.0,282.0
job106,p2,1,a1_0,192.0,15,18.0,210.0
job106,p2,2,a4_0,261.0,45,45.0,306.0
job106,p2,4,a2_0,282.0,30,30.0,312.0
job107,p1,1,a1_0,210.0,30,30.0,240.0
job107,p1,2,a2_0,312.0,45,54.0,366.0
job107,p1,3,a1_0,240.0,15,18.0,258.0
job108,p2,1,a1_0,258.0,15,18.0,276.0
job108,p2,2,a4_0,306.0,45,54.0,360.0
job108,p2,4,a2_0,366.0,30,36.0,402.0
job109,p1,1,a1_0,276.0,30,36.0,312.0
job109,p1,2,a2_0,402.0,45,54.0,456.0
job109,p1,3,a1_0,312.0,15,15.0,327.0
job110,p1,1,a1_0,327.0,30,36.0,363.0
job110,p1,2,a2_0,456.0,45,54.0,510.0
job110,p1,3,a1_0,363.0,15,18.0,381.0
job11,p1,1,a1_0,381.0,30,36.0,417.0
job111,p1,1,a1_0,417.0,30,30.0,447.0
job111,p1,2,a2_0,510.0,45,54.0,564.0
job111,p1,3,a1_0,447.0,15,15.0,462.0
job11,p1,2,a2_0,564.0,45,45.0,609.0
job112,p2,1,a1_0,462.0,15,18.0,480.0
job112,p2,2,a4_0,360.0,45,45.0,405.0
job112,p2,4,a2_0,609.0,30,30.0,639.0
job11,p1,3,a1_0,480.0,15,18.0,498.0
job113,p2,1,a1_0,498.0,15,18.0,516.0
job113,p2,2,a4_0,405.0,45,45.0,450.0
job113,p2,4,a2_0,639.0,30,36.0,675.0
job114,p1,1,a1_0,516.0,30,36.0,552.0
job114,p1,2,a2_0,675.0,45,45.0,720.0
job114,p1,3,a1_0,552.0,15,18.0,570.0
job115,p2,1,a1_0,570.0,15,18.0,588.0
job115,p2,2,a4_0,450.0,45,45.0,495.0
job115,p2,4,a2_0,720.0,30,36.0,756.0
job116,p1,1,a1_0,588.0,30,30.0,618.0
job116,p1,2,a2_0,756.0,45,45.0,801.0
job116,p1,3,a1_0,618.0,15,15.0,633.0
job117,p2,1,a1_0,633.0,15,15.0,648.0
job117,p2,2,a4_0,495.0,45,54.0,549.0
job117,p2,4,a2_0,801.0,30,36.0,837.0
job118,p2,1,a1_0,648.0,15,18.0,666.0
job118,p2,2,a4_0,549.0,45,54.0,603.0
job118,p2,4,a2_0,837.0,30,36.0,873.0
job119,p1,1,a1_0,666.0,30,36.0,702.0
job119,p1,2,a2_0,873.0,45,54.0,927.0
job119,p1,3,a1_0,702.0,15,18.0,720.0
job120,p2,1,a1_0,720.0,15,18.0,738.0
job120,p2,2,a4_0,603.0,45,45.0,648.0
job120,p2,4,a2_0,927.0,30,30.0,957.0
job12,p1,1,a1_0,738.0,30,36.0,774.0
job121,p2,1,a1_0,774.0,15,15.0,789.0
job121,p2,2,a4_0,648.0,45,45.0,693.0
job121,p2,4,a2_0,957.0,30,36.0,993.0
job12,p1,2,a2_0,993.0,45,45.0,1038.0
job122,p1,1,a1_0,789.0,30,30.0,819.0
job122,p1,2,a2_0,1038.0,45,54.0,1092.0
job122,p1,3,a1_0,819.0,15,15.0,834.0
job12,p1,3,a1_0,834.0,15,15.0,849.0
job123,p2,1,a1_0,849.0,15,18.0,867.0
job123,p2,2,a4_0,693.0,45,45.0,738.0
job123,p2,4,a2_0,1092.0,30,36.0,1128.0
job124,p2,1,a1_0,867.0,15,18.0,885.0
job124,p2,2,a4_0,738.0,45,54.0,792.0
job124,p2,4,a2_0,1128.0,30,30.0,1158.0
job125,p2,1,a1_0,885.0,15,18.0,903.0
job125,p2,2,a4_0,792.0,45,54.0,846.0
job125,p2,4,a2_0,1158.0,30,36.0,1194.0
job126,p2,1,a1_0,903.0,15,18.0,921.0
job126,p2,2,a4_0,846.0,45,54.0,900.0
job126,p2,4,a2_0,1194.0,30,36.0,1230.0
job127,p1,1,a1_0,921.0,30,30.0,951.0
job127,p1,2,a2_0,1230.0,45,54.0,1284.0
job127,p1,3,a1_0,951.0,15,15.0,966.0
job128,p1,1,a1_0,966.0,30,36.0,1002.0
job128,p1,2,a2_0,1284.0,45,54.0,1338.0
job128,p1,3,a1_0,1002.0,15,15.0,1017.0
job129,p1,1,a1_0,1017.0,30,36.0,1053.0
job129,p1,2,a2_0,1338.0,45,54.0,1392.0
job129,p1,3,a1_0,1053.0,15,18.0,1071.0
job130,p2,1,a1_0,1071.0,15,18.0,1089.0
job130,p2,2,a4_0,900.0,45,54.0,954.0
job130,p2,4,a2_0,1392.0,30,30.0,1422.0
job13,p1,1,a1_0,1089.0,30,36.0,1125.0
job131,p2,1,a1_0,1125.0,15,18.0,1143.0
job131,p2,2,a4_0,954.0,45,45.0,999.0
job131,p2,4,a2_0,1422.0,30,36.0,1458.0
job13,p1,2,a2_0,1458.0,45,45.0,1503.0
job132,p2,1,a1_0,1143.0,15,18.0,1161.0
job132,p2,2,a4_0,999.0,45,54.0,1053.0
job132,p2,4,a2_0,1503.0,30,30.0,1533.0
job13,p1,3,a1_0,1161.0,15,15.0,1176.0
job133,p1,1,a1_0,1176.0,30,36.0,1212.0
job133,p1,2,a2_0,1533.0,45,54.0,1587.0
job133,p1,3,a1_0,1212.0,15,15.0,1227.0
job134,p1,1,a1_0,1227.0,30,30.0,1257.0
job134,p1,2,a2_0,1587.0,45,54.0,1641.0
job134,p1,3,a1_0,1257.0,15,18.0,1275.0
job135,p2,1,a1_0,1275.0,15,18.0,1293.0
job135,p2,2,a4_0,1053.0,45,54.0,1107.0
job135,p2,4,a2_0,1641.0,30,36.0,1677.0
job136,p2,1,a1_0,1293.0,15,18.0,1311.0
job136,p2,2,a4_0,1107.0,45,54.0,1161.0
job136,p2,4,a2_0,1677.0,30,30.0,1707.0
job137,p1,1,a1_0,1311.0,30,30.0,1341.0
job137,p1,2,a2_0,1707.0,45,54.0,1761.0
job137,p1,3,a1_0,1341.0,15,15.0,1356.0
job138,p1,1,a1_0,1356.0,30,36.0,1392.0
job138,p1,2,a2_0,1761.0,45,45.0,1806.0
job138,p1,3,a1_0,1392.0,15,18.0,1410.0
job139,p1,1,a1_0,1410.0,30,36.0,1446.0
job139,p1,2,a2_0,1806.0,45,54.0,1860.0
job139,p1,3,a1_0,1446.0,15,18.0,1464.0
job140,p2,1,a1_0,1464.0,15,15.0,1479.0
job140,p2,2,a4_0,1161.0,45,54.0,1215.0
job140,p2,4,a2_0,1860.0,30,30.0,1890.0
job14,p2,1,a1_0,1479.0,15,18.0,1497.0
job141,p2,1,a1_0,1497.0,15,15.0,1512.0
job141,p2,2,a4_0,1215.0,45,45.0,1260.0
job141,p2,4,a2_0,1890.0,30,36.0,1926.0
job14,p2,2,a4_0,1260.0,45,45.0,1305.0
job142,p1,1,a1_0,1512.0,30,30.0,1542.0
job142,p1,2,a2_0,1926.0,45,54.0,1980.0
job142,p1,3,a1_0,1542.0,15,15.0,1557.0
job143,p1,1,a1_0,1557.0,30,36.0,1593.0
job143,p1,2,a2_0,1980.0,45,54.0,2034.0
job143,p1,3,a1_0,1593.0,15,18.0,1611.0
job14,p2,4,a2_0,2034.0,30,36.0,2070.0
job144,p2,1,a1_0,1611.0,15,18.0,1629.0
job144,p2,2,a4_0,1305.0,45,45.0,1350.0
job144,p2,4,a2_0,2070.0,30,30.0,2100.0
job145,p1,1,a1_0,1629.0,30,36.0,1665.0
job145,p1,2,a2_0,2100.0,45,45.0,2145.0
job145,p1,3,a1_0,1665.0,15,15.0,1680.0
job146,p2,1,a1_0,1680.0,15,15.0,1695.0
job146,p2,2,a4_0,1350.0,45,54.0,1404.0
job146,p2,4,a2_0,2145.0,30,36.0,2181.0
job147,p1,1,a1_0,1695.0,30,30.0,1725.0
job147,p1,2,a2_0,2181.0,45,54.0,2235.0
job147,p1,3,a1_0,1725.0,15,15.0,1740.0
job148,p1,1,a1_0,1740.0,30,36.0,1776.0
job148,p1,2,a2_0,2235.0,45,45.0,2280.0
job148,p1,3,a1_0,1776.0,15,18.0,1794.0
job149,p2,1,a1_0,1794.0,15,18.0,1812.0
job149,p2,2,a4_0,1404.0,45,54.0,1458.0
job149,p2,4,a2_0,2280.0,30,36.0,2316.0
job150,p2,1,a1_0,1812.0,15,15.0,1827.0
job150,p2,2,a4_0,1458.0,45,54.0,1512.0
job150,p2,4,a2_0,2316.0,30,36.0,2352.0
job15,p1,1,a1_0,1827.0,30,36.0,1863.0
job151,p1,1,a1_0,1863.0,30,36.0,1899.0
job151,p1,2,a2_0,2352.0,45,54.0,2406.0
job151,p1,3,a1_0,1899.0,15,18.0,1917.0
job15,p1,2,a2_0,2406.0,45,54.0,2460.0
job152,p1,1,a1_0,1917.0,30,36.0,1953.0
job152,p1,2,a2_0,2460.0,45,54.0,2514.0
job152,p1,3,a1_0,1953.0,15,15.0,1968.0
job15,p1,3,a1_0,1968.0,15,18.0,1986.0
job16,p1,1,a1_0,1986.0,30,30.0,2016.0
job16,p1,2,a2_0,2514.0,45,54.0,2568.0
job16,p1,3,a1_0,2016.0,15,18.0,2034.0
job17,p2,1,a1_0,2034.0,15,18.0,2052.0
job17,p2,2,a4_0,1512.0,45,54.0,1566.0
job17,p2,4,a2_0,2568.0,30,36.0,2604.0
job18,p2,1,a1_0,2052.0,15,18.0,2070.0
job18,p2,2,a4_0,1566.0,45,54.0,1620.0
job18,p2,4,a2_0,2604.0,30,30.0,2634.0
job19,p1,1,a1_0,2070.0,30,36.0,2106.0
job19,p1,2,a2_0,2634.0,45,45.0,2679.0
job19,p1,3,a1_0,2106.0,15,15.0,2121.0
job20,p2,1,a1_0,2121.0,15,15.0,2136.0
job20,p2,2,a4_0,1620.0,45,45.0,1665.0
job20,p2,4,a2_0,2679.0,30,36.0,2715.0
job21,p2,1,a1_0,2136.0,15,15.0,2151.0
job21,p2,2,a4_0,1665.0,45,54.0,1719.0
job21,p2,4,a2_0,2715.0,30,30.0,2745.0
job22,p1,1,a1_0,2151.0,30,36.0,2187.0
job22,p1,2,a2_0,2745.0,45,54.0,2799.0
job22,p1,3,a1_0,2187.0,15,15.0,2202.0
job23,p2,1,a1_0,2202.0,15,18.0,2220.0
job23,p2,2,a4_0,1719.0,45,54.0,1773.0
job23,p2,4,a2_0,2799.0,30,36.0,2835.0
job24,p2,1,a1_0,2220.0,15,18.0,2238.0
job24,p2,2,a4_0,1773.0,45,54.0,1827.0
job24,p2,4,a2_0,2835.0,30,30.0,2865.0
job25,p1,1,a1_0,2238.0,30,36.0,2274.0
job25,p1,2,a2_0,2865.0,45,54.0,2919.0
job25,p1,3,a1_0,2274.0,15,18.0,2292.0
job26,p1,1,a1_0,2292.0,30,30.0,2322.0
job26,p1,2,a2_0,2919.0,45,45.0,2964.0
job26,p1,3,a1_0,2322.0,15,18.0,2340.0
job27,p2,1,a1_0,2340.0,15,15.0,2355.0
job27,p2,2,a4_0,1827.0,45,54.0,1881.0
job27,p2,4,a2_0,2964.0,30,30.0,2994.0
job28,p1,1,a1_0,2355.0,30,30.0,2385.0
job28,p1,2,a2_0,2994.0,45,45.0,3039.0
job28,p1,3,a1_0,2385.0,15,18.0,2403.0
job29,p1,1,a1_0,2403.0,30,30.0,2433.0
job29,p1,2,a2_0,3039.0,45,54.0,3093.0
job29,p1,3,a1_0,2433.0,15,18.0,2451.0
job30,p1,1,a1_0,2451.0,30,30.0,2481.0
job30,p1,2,a2_0,3093.0,45,45.0,3138.0
job30,p1,3,a1_0,2481.0,15,18.0,2499.0
job3,p2,1,a1_0,2499.0,15,15.0,2514.0
job31,p2,1,a1_0,2514.0,15,18.0,2532.0
job31,p2,2,a4_0,1881.0,45,54.0,1935.0
job31,p2,4,a2_0,3138.0,30,36.0,3174.0
job3,p2,2,a4_0,1935.0,45,54.0,1989.0
job32,p2,1,a1_0,2532.0,15,15.0,2547.0
job32,p2,2,a4_0,1989.0,45,45.0,2034.0
job32,p2,4,a2_0,3174.0,30,36.0,3210.0
job33,p2,1,a1_0,2547.0,15,18.0,2565.0
job33,p2,2,a4_0,2034.0,45,54.0,2088.0
job33,p2,4,a2_0,3210.0,30,36.0,3246.0
job3,p2,4,a2_0,3246.0,30,36.0,3282.0
job34,p2,1,a1_0,2565.0,15,18.0,2583.0
job34,p2,2,a4_0,2088.0,45,45.0,2133.0
job34,p2,4,a2_0,3282.0,30,30.0,3312.0
job35,p2,1,a1_0,2583.0,15,15.0,2598.0
job35,p2,2,a4_0,2133.0,45,54.0,2187.0
job35,p2,4,a2_0,3312.0,30,36.0,3348.0
job36,p2,1,a1_0,2598.0,15,18.0,2616.0
job36,p2,2,a4_0,2187.0,45,54.0,2241.0
job36,p2,4,a2_0,3348.0,30,36.0,3384.0
job37,p1,1,a1_0,2616.0,30,36.0,2652.0
job37,p1,2,a2_0,3384.0,45,45.0,3429.0
job37,p1,3,a1_0,2652.0,15,15.0,2667.0
job38,p2,1,a1_0,2667.0,15,15.0,2682.0
job38,p2,2,a4_0,2241.0,45,45.0,2286.0
job38,p2,4,a2_0,3429.0,30,36.0,3465.0
job39,p2,1,a1_0,2682.0,15,18.0,2700.0
job39,p2,2,a4_0,2286.0,45,54.0,2340.0
job39,p2,4,a2_0,3465.0,30,36.0,3501.0
job40,p2,1,a1_0,2700.0,15,18.0,2718.0
job40,p2,2,a4_0,2340.0,45,54.0,2394.0
job40,p2,4,a2_0,3501.0,30,36.0,3537.0
job4,p1,1,a1_0,2718.0,30,36.0,2754.0
job41,p2,1,a1_0,2754.0,15,18.0,2772.0
job41,p2,2,a4_0,2394.0,45,45.0,2439.0
job41,p2,4,a2_0,3537.0,30,36.0,3573.0
job4,p1,2,a2_0,3573.0,45,54.0,3627.0
job42,p2,1,a1_0,2772.0,15,15.0,2787.0
job42,p2,2,a4_0,2439.0,45,54.0,2493.0
job42,p2,4,a2_0,3627.0,30,36.0,3663.0
job4,p1,3,a1_0,2787.0,15,15.0,2802.0
job43,p2,1,a1_0,2802.0,15,15.0,2817.0
job43,p2,2,a4_0,2493.0,45,45.0,2538.0
job43,p2,4,a2_0,3663.0,30,36.0,3699.0
job44,p1,1,a1_0,2817.0,30,36.0,2853.0
job44,p1,2,a2_0,3699.0,45,54.0,3753.0
job44,p1,3,a1_0,2853.0,15,18.0,2871.0
job45,p1,1,a1_0,2871.0,30,30.0,2901.0
job45,p1,2,a2_0,3753.0,45,45.0,3798.0
job45,p1,3,a1_0,2901.0,15,18.0,2919.0
job46,p1,1,a1_0,2919.0,30,36.0,2955.0
job46,p1,2,a2_0,3798.0,45,54.0,3852.0
job46,p1,3,a1_0,2955.0,15,15.0,2970.0
job47,p1,1,a1_0,2970.0,30,36.0,3006.0
job47,p1,2,a2_0,3852.0,45,54.0,3906.0
job47,p1,3,a1_0,3006.0,15,18.0,3024.0
job48,p1,1,a1_0,3024.0,30,30.0,3054.0
job48,p1,2,a2_0,3906.0,45,54.0,3960.0
job48,p1,3,a1_0,3054.0,15,18.0,3072.0
job49,p1,1,a1_0,3072.0,30,36.0,3108.0
job49,p1,2,a2_0,3960.0,45,54.0,4014.0
job49,p1,3,a1_0,3108.0,15,15.0,3123.0
job50,p1,1,a1_0,3123.0,30,36.0,3159.0
job50,p1,2,a2_0,4014.0,45,54.0,4068.0
job50,p1,3,a1_0,3159.0,15,18.0,3177.0
job5,p1,1,a1_0,3177.0,30,30.0,3207.0
job51,p2,1,a1_0,3207.0,15,18.0,3225.0
job51,p2,2,a4_0,2538.0,45,45.0,2583.0
job51,p2,4,a2_0,4068.0,30,30.0,4098.0
job5,p1,2,a2_0,4098.0,45,54.0,4152.0
job52,p1,1,a1_0,3225.0,30,30.0,3255.0
job52,p1,2,a2_0,4152.0,45,54.0,4206.0
job52,p1,3,a1_0,3255.0,15,15.0,3270.0
job5,p1,3,a1_0,3270.0,15,15.0,3285.0
job53,p1,1,a1_0,3285.0,30,36.0,3321.0
job53,p1,2,a2_0,4206.0,45,45.0,4251.0
job53,p1,3,a1_0,3321.0,15,18.0,3339.0
job54,p1,1,a1_0,3339.0,30,36.0,3375.0
job54,p1,2,a2_0,4251.0,45,54.0,4305.0
job54,p1,3,a1_0,3375.0,15,18.0,3393.0
job55,p1,1,a1_0,3393.0,30,30.0,3423.0
job55,p1,2,a2_0,4305.0,45,45.0,4350.0
job55,p1,3,a1_0,3423.0,15,15.0,3438.0
job56,p2,1,a1_0,3438.0,15,18.0,3456.0
job56,p2,2,a4_0,2583.0,45,54.0,2637.0
job56,p2,4,a2_0,4350.0,30,36.0,4386.0
job57,p2,1,a1_0,3456.0,15,15.0,3471.0
job57,p2,2,a4_0,2637.0,45,54.0,2691.0
job57,p2,4,a2_0,4386.0,30,30.0,4416.0
job58,p2,1,a1_0,3471.0,15,18.0,3489.0
job58,p2,2,a4_0,2691.0,45,45.0,2736.0
job58,p2,4,a2_0,4416.0,30,36.0,4452.0
job59,p1,1,a1_0,3489.0,30,36.0,3525.0
job59,p1,2,a2_0,4452.0,45,54.0,4506.0
job59,p1,3,a1_0,3525.0,15,18.0,3543.0
job60,p2,1,a1_0,3543.0,15,18.0,3561.0
job60,p2,2,a4_0,2736.0,45,45.0,2781.0
job60,p2,4,a2_0,4506.0,30,36.0,4542.0
job6,p1,1,a1_0,3561.0,30,30.0,3591.0
job61,p1,1,a1_0,3591.0,30,30.0,3621.0
job61,p1,2,a2_0,4542.0,45,54.0,4596.0
job61,p1,3,a1_0,3621.0,15,15.0,3636.0
job6,p1,2,a2_0,4596.0,45,54.0,4650.0
job62,p1,1,a1_0,3636.0,30,36.0,3672.0
job62,p1,2,a2_0,4650.0,45,54.0,4704.0
job62,p1,3,a1_0,3672.0,15,15.0,3687.0
job6,p1,3,a1_0,3687.0,15,15.0,3702.0
job63,p2,1,a1_0,3702.0,15,18.0,3720.0
job63,p2,2,a4_0,2781.0,45,54.0,2835.0
job63,p2,4,a2_0,4704.0,30,30.0,4734.0
job64,p2,1,a1_0,3720.0,15,15.0,3735.0
job64,p2,2,a4_0,2835.0,45,54.0,2889.0
job64,p2,4,a2_0,4734.0,30,36.0,4770.0
job65,p2,1,a1_0,3735.0,15,15.0,3750.0
job65,p2,2,a4_0,2889.0,45,54.0,2943.0
job65,p2,4,a2_0,4770.0,30,36.0,4806.0
job66,p2,1,a1_0,3750.0,15,15.0,3765.0
job66,p2,2,a4_0,2943.0,45,54.0,2997.0
job66,p2,4,a2_0,4806.0,30,30.0,4836.0
job67,p2,1,a1_0,3765.0,15,18.0,3783.0
job67,p2,2,a4_0,2997.0,45,54.0,3051.0
job67,p2,4,a2_0,4836.0,30,30.0,4866.0
job68,p2,1,a1_0,3783.0,15,18.0,3801.0
job68,p2,2,a4_0,3051.0,45,54.0,3105.0
job68,p2,4,a2_0,4866.0,30,30.0,4896.0
job69,p1,1,a1_0,3801.0,30,36.0,3837.0
job69,p1,2,a2_0,4896.0,45,54.0,4950.0
job69,p1,3,a1_0,3837.0,15,18.0,3855.0
job70,p1,1,a1_0,3855.0,30,30.0,3885.0
job70,p1,2,a2_0,4950.0,45,54.0,5004.0
job70,p1,3,a1_0,3885.0,15,18.0,3903.0
job7,p2,1,a1_0,3903.0,15,15.0,3918.0
job71,p1,1,a1_0,3918.0,30,36.0,3954.0
job71,p1,2,a2_0,5004.0,45,45.0,5049.0
job71,p1,3,a1_0,3954.0,15,18.0,3972.0
job7,p2,2,a4_0,3105.0,45,45.0,3150.0
job72,p1,1,a1_0,3972.0,30,36.0,4008.0
job72,p1,2,a2_0,5049.0,45,54.0,5103.0
job72,p1,3,a1_0,4008.0,15,18.0,4026.0
job73,p1,1,a1_0,4026.0,30,36.0,4062.0
job73,p1,2,a2_0,5103.0,45,54.0,5157.0
job73,p1,3,a1_0,4062.0,15,18.0,4080.0
job7,p2,4,a2_0,5157.0,30,36.0,5193.0
job74,p2,1,a1_0,4080.0,15,15.0,4095.0
job74,p2,2,a4_0,3150.0,45,54.0,3204.0
job74,p2,4,a2_0,5193.0,30,30.0,5223.0
job75,p2,1,a1_0,4095.0,15,18.0,4113.0
job75,p2,2,a4_0,3204.0,45,45.0,3249.0
job75,p2,4,a2_0,5223.0,30,36.0,5259.0
job76,p1,1,a1_0,4113.0,30,36.0,4149.0
job76,p1,2,a2_0,5259.0,45,54.0,5313.0
job76,p1,3,a1_0,4149.0,15,18.0,4167.0
job77,p2,1,a1_0,4167.0,15,18.0,4185.0
job77,p2,2,a4_0,3249.0,45,54.0,3303.0
job77,p2,4,a2_0,5313.0,30,36.0,5349.0
job78,p1,1,a1_0,4185.0,30,36.0,4221.0
job78,p1,2,a2_0,5349.0,45,54.0,5403.0
job78,p1,3,a1_0,4221.0,15,18.0,4239.0
job79,p2,1,a1_0,4239.0,15,18.0,4257.0
job79,p2,2,a4_0,3303.0,45,54.0,3357.0
job79,p2,4,a2_0,5403.0,30,36.0,5439.0
job80,p1,1,a1_0,4257.0,30,36.0,4293.0
job80,p1,2,a2_0,5439.0,45,54.0,5493.0
job80,p1,3,a1_0,4293.0,15,18.0,4311.0
job8,p2,1,a1_0,4311.0,15,15.0,4326.0
job81,p1,1,a1_0,4326.0,30,36.0,4362.0
job81,p1,2,a2_0,5493.0,45,45.0,5538.0
job81,p1,3,a1_0,4362.0,15,18.0,4380.0
job8,p2,2,a4_0,3357.0,45,54.0,3411.0
job82,p1,1,a1_0,4380.0,30,36.0,4416.0
job82,p1,2,a2_0,5538.0,45,54.0,5592.0
job82,p1,3,a1_0,4416.0,15,15.0,4431.0
job83,p2,1,a1_0,4431.0,15,18.0,4449.0
job83,p2,2,a4_0,3411.0,45,45.0,3456.0
job83,p2,4,a2_0,5592.0,30,30.0,5622.0
job8,p2,4,a2_0,5622.0,30,36.0,5658.0
job84,p1,1,a1_0,4449.0,30,36.0,4485.0
job84,p1,2,a2_0,5658.0,45,45.0,5703.0
job84,p1,3,a1_0,4485.0,15,18.0,4503.0
job85,p2,1,a1_0,4503.0,15,18.0,4521.0
job85,p2,2,a4_0,3456.0,45,54.0,3510.0
job85,p2,4,a2_0,5703.0,30,36.0,5739.0
job86,p2,1,a1_0,4521.0,15,15.0,4536.0
job86,p2,2,a4_0,3510.0,45,45.0,3555.0
job86,p2,4,a2_0,5739.0,30,36.0,5775.0
job87,p1,1,a1_0,4536.0,30,36.0,4572.0
job87,p1,2,a2_0,5775.0,45,54.0,5829.0
job87,p1,3,a1_0,4572.0,15,18.0,4590.0
job88,p1,1,a1_0,4590.0,30,36.0,4626.0
job88,p1,2,a2_0,5829.0,45,45.0,5874.0
job88,p1,3,a1_0,4626.0,15,18.0,4644.0
job89,p2,1,a1_0,4644.0,15,18.0,4662.0
job89,p2,2,a4_0,3555.0,45,54.0,3609.0
job89,p2,4,a2_0,5874.0,30,36.0,5910.0
job90,p2,1,a1_0,4662.0,15,15.0,4677.0
job90,p2,2,a4_0,3609.0,45,54.0,3663.0
job90,p2,4,a2_0,5910.0,30,36.0,5946.0
job9,p2,1,a1_0,4677.0,15,15.0,4692.0
job91,p1,1,a1_0,4692.0,30,36.0,4728.0
job91,p1,2,a2_0,5946.0,45,45.0,5991.0
job91,p1,3,a1_0,4728.0,15,15.0,4743.0
job9,p2,2,a4_0,3663.0,45,54.0,3717.0
job92,p1,1,a1_0,4743.0,30,36.0,4779.0
job92,p1,2,a2_0,5991.0,45,45.0,6036.0
job92,p1,3,a1_0,4779.0,15,15.0,4794.0
job93,p1,1,a1_0,4794.0,30,30.0,4824.0
job93,p1,2,a2_0,6036.0,45,54.0,6090.0
job93,p1,3,a1_0,4824.0,15,18.0,4842.0
job9,p2,4,a2_0,6090.0,30,36.0,6126.0
job94,p2,1,a1_0,4842.0,15,18.0,4860.0
job94,p2,2,a4_0,3717.0,45,45.0,3762.0
job94,p2,4,a2_0,6126.0,30,36.0,6162.0
job95,p2,1,a1_0,4860.0,15,18.0,4878.0
job95,p2,2,a4_0,3762.0,45,54.0,3816.0
job95,p2,4,a2_0,6162.0,30,30.0,6192.0
job96,p1,1,a1_0,4878.0,30,36.0,4914.0
job96,p1,2,a2_0,6192.0,45,45.0,6237.0
job96,p1,3,a1_0,4914.0,15,15.0,4929.0
job97,p1,1,a1_0,4929.0,30,30.0,4959.0
job97,p1,2,a2_0,6237.0,45,45.0,6282.0
job97,p1,3,a1_0,4959.0,15,18.0,4977.0
job98,p1,1,a1_0,4977.0,30,36.0,5013.0
job98,p1,2,a2_0,6282.0,45,45.0,6327.0
job98,p1,3,a1_0,5013.0,15,15.0,5028.0
job99,p2,1,a1_0,5028.0,15,15.0,5043.0
job99,p2,2,a4_0,3816.0,45,54.0,3870.0
job99,p2,4,a2_0,6327.0,30,36.0,6363.0
job100,p2,3,a3_0,45.0,15,18.0,63.0
job100,p2,5,a4_0,3870.0,15,18.0,3888.0
job101,p2,3,a3_0,99.0,15,15.0,114.0
job10,p1,4,a3_0,126.0,15,18.0,144.0
job101,p2,5,a4_0,3888.0,15,15.0,3903.0
job102,p2,3,a3_0,153.0,15,15.0,168.0
job102,p2,5,a4_0,3903.0,15,15.0,3918.0
job104,p2,3,a3_0,207.0,15,18.0,225.0
job103,p1,4,a3_0,225.0,15,18.0,243.0
job105,p2,3,a3_0,261.0,15,18.0,279.0
job104,p2,5,a4_0,3918.0,15,15.0,3933.0
job105,p2,5,a4_0,3933.0,15,18.0,3951.0
job106,p2,3,a3_0,306.0,15,15.0,321.0
job106,p2,5,a4_0,3951.0,15,18.0,3969.0
job108,p2,3,a3_0,360.0,15,18.0,378.0
job107,p1,4,a3_0,378.0,15,18.0,396.0
job108,p2,5,a4_0,3969.0,15,18.0,3987.0
job109,p1,4,a3_0,456.0,15,15.0,471.0
job110,p1,4,a3_0,510.0,15,18.0,528.0
job112,p2,3,a3_0,528.0,15,18.0,546.0
job113,p2,3,a3_0,546.0,15,15.0,561.0
job111,p1,4,a3_0,564.0,15,15.0,579.0
job11,p1,4,a3_0,609.0,15,18.0,627.0
job115,p2,3,a3_0,627.0,15,15.0,642.0
job112,p2,5,a4_0,3987.0,15,18.0,4005.0
job117,p2,3,a3_0,648.0,15,15.0,663.0
job113,p2,5,a4_0,4005.0,15,18.0,4023.0
job118,p2,3,a3_0,666.0,15,18.0,684.0
job114,p1,4,a3_0,720.0,15,15.0,735.0
job115,p2,5,a4_0,4023.0,15,15.0,4038.0
job120,p2,3,a3_0,738.0,15,15.0,753.0
job116,p1,4,a3_0,801.0,15,18.0,819.0
job121,p2,3,a3_0,819.0,15,18.0,837.0
job117,p2,5,a4_0,4038.0,15,15.0,4053.0
job118,p2,5,a4_0,4053.0,15,18.0,4071.0
job123,p2,3,a3_0,867.0,15,15.0,882.0
job124,p2,3,a3_0,885.0,15,15.0,900.0
job119,p1,4,a3_0,927.0,15,18.0,945.0
job125,p2,3,a3_0,945.0,15,18.0,963.0
job126,p2,3,a3_0,963.0,15,15.0,978.0
job120,p2,5,a4_0,4071.0,15,18.0,4089.0
job121,p2,5,a4_0,4089.0,15,18.0,4107.0
job12,p1,4,a3_0,1038.0,15,15.0,1053.0
job122,p1,4,a3_0,1092.0,15,18.0,1110.0
job130,p2,3,a3_0,1110.0,15,18.0,1128.0
job123,p2,5,a4_0,4107.0,15,15.0,4122.0
job131,p2,3,a3_0,1143.0,15,15.0,1158.0
job124,p2,5,a4_0,4122.0,15,18.0,4140.0
job132,p2,3,a3_0,1161.0,15,18.0,1179.0
job125,p2,5,a4_0,4140.0,15,18.0,4158.0
job126,p2,5,a4_0,4158.0,15,18.0,4176.0
job127,p1,4,a3_0,1284.0,15,15.0,1299.0
job135,p2,3,a3_0,1299.0,15,15.0,1314.0
job128,p1,4,a3_0,1338.0,15,15.0,1353.0
job136,p2,3,a3_0,1353.0,15,15.0,1368.0
job129,p1,4,a3_0,1392.0,15,15.0,1407.0
job130,p2,5,a4_0,4176.0,15,15.0,4191.0
job131,p2,5,a4_0,4191.0,15,18.0,4209.0
job13,p1,4,a3_0,1503.0,15,18.0,1521.0
job140,p2,3,a3_0,1521.0,15,15.0,1536.0
job14,p2,3,a3_0,1536.0,15,18.0,1554.0
job141,p2,3,a3_0,1554.0,15,18.0,1572.0
job132,p2,5,a4_0,4209.0,15,18.0,4227.0
job133,p1,4,a3_0,1587.0,15,18.0,1605.0
job134,p1,4,a3_0,1641.0,15,15.0,1656.0
job144,p2,3,a3_0,1656.0,15,18.0,1674.0
job135,p2,5,a4_0,4227.0,15,18.0,4245.0
job136,p2,5,a4_0,4245.0,15,15.0,4260.0
job146,p2,3,a3_0,1695.0,15,18.0,1713.0
job137,p1,4,a3_0,1761.0,15,18.0,1779.0
job138,p1,4,a3_0,1806.0,15,15.0,1821.0
job149,p2,3,a3_0,1821.0,15,18.0,1839.0
job139,p1,4,a3_0,1860.0,15,18.0,1878.0
job150,p2,3,a3_0,1878.0,15,18.0,1896.0
job140,p2,5,a4_0,4260.0,15,18.0,4278.0
job141,p2,5,a4_0,4278.0,15,18.0,4296.0
job142,p1,4,a3_0,1980.0,15,18.0,1998.0
job143,p1,4,a3_0,2034.0,15,15.0,2049.0
job14,p2,5,a4_0,4296.0,15,15.0,4311.0
job17,p2,3,a3_0,2052.0,15,18.0,2070.0
job18,p2,3,a3_0,2070.0,15,18.0,2088.0
job144,p2,5,a4_0,4311.0,15,18.0,4329.0
job145,p1,4,a3_0,2145.0,15,18.0,2163.0
job20,p2,3,a3_0,2163.0,15,18.0,2181.0
job21,p2,3,a3_0,2181.0,15,18.0,2199.0
job146,p2,5,a4_0,4329.0,15,18.0,4347.0
job147,p1,4,a3_0,2235.0,15,18.0,2253.0
job23,p2,3,a3_0,2253.0,15,18.0,2271.0
job24,p2,3,a3_0,2271.0,15,18.0,2289.0
job148,p1,4,a3_0,2289.0,15,18.0,2307.0
job149,p2,5,a4_0,4347.0,15,18.0,4365.0
job150,p2,5,a4_0,4365.0,15,18.0,4383.0
job27,p2,3,a3_0,2355.0,15,15.0,2370.0
job151,p1,4,a3_0,2406.0,15,18.0,2424.0
job15,p1,4,a3_0,2460.0,15,15.0,2475.0
job152,p1,4,a3_0,2514.0,15,15.0,2529.0
job3,p2,3,a3_0,2529.0,15,15.0,2544.0
job16,p1,4,a3_0,2568.0,15,18.0,2586.0
job31,p2,3,a3_0,2586.0,15,18.0,2604.0
job32,p2,3,a3_0,2604.0,15,18.0,2622.0
job33,p2,3,a3_0,2622.0,15,18.0,2640.0
job34,p2,3,a3_0,2640.0,15,15.0,2655.0
job17,p2,5,a4_0,4383.0,15,18.0,4401.0
job35,p2,3,a3_0,2655.0,15,15.0,2670.0
job36,p2,3,a3_0,2670.0,15,18.0,2688.0
job18,p2,5,a4_0,4401.0,15,18.0,4419.0
job19,p1,4,a3_0,2688.0,15,18.0,2706.0
job38,p2,3,a3_0,2706.0,15,18.0,2724.0
job20,p2,5,a4_0,4419.0,15,18.0,4437.0
job39,p2,3,a3_0,2724.0,15,18.0,2742.0
job40,p2,3,a3_0,2742.0,15,18.0,2760.0
job21,p2,5,a4_0,4437.0,15,15.0,4452.0
job22,p1,4,a3_0,2799.0,15,18.0,2817.0
job41,p2,3,a3_0,2817.0,15,18.0,2835.0
job42,p2,3,a3_0,2835.0,15,18.0,2853.0
job23,p2,5,a4_0,4452.0,15,18.0,4470.0
job43,p2,3,a3_0,2853.0,15,18.0,2871.0
job24,p2,5,a4_0,4470.0,15,18.0,4488.0
job25,p1,4,a3_0,2919.0,15,15.0,2934.0
job26,p1,4,a3_0,2964.0,15,15.0,2979.0
job27,p2,5,a4_0,4488.0,15,18.0,4506.0
job28,p1,4,a3_0,3039.0,15,15.0,3054.0
job29,p1,4,a3_0,3093.0,15,15.0,3108.0
job30,p1,4,a3_0,3138.0,15,18.0,3156.0
job31,p2,5,a4_0,4506.0,15,18.0,4524.0
job32,p2,5,a4_0,4524.0,15,18.0,4542.0
job51,p2,3,a3_0,3225.0,15,18.0,3243.0
job33,p2,5,a4_0,4542.0,15,18.0,4560.0
job3,p2,5,a4_0,4560.0,15,15.0,4575.0
job34,p2,5,a4_0,4575.0,15,18.0,4593.0
job35,p2,5,a4_0,4593.0,15,18.0,4611.0
job36,p2,5,a4_0,4611.0,15,15.0,4626.0
job37,p1,4,a3_0,3429.0,15,15.0,3444.0
job38,p2,5,a4_0,4626.0,15,18.0,4644.0
job56,p2,3,a3_0,3456.0,15,18.0,3474.0
job57,p2,3,a3_0,3474.0,15,18.0,3492.0
job39,p2,5,a4_0,4644.0,15,18.0,4662.0
job58,p2,3,a3_0,3492.0,15,18.0,3510.0
job40,p2,5,a4_0,4662.0,15,18.0,4680.0
job41,p2,5,a4_0,4680.0,15,15.0,4695.0
job60,p2,3,a3_0,3561.0,15,15.0,3576.0
job4,p1,4,a3_0,3627.0,15,15.0,3642.0
job42,p2,5,a4_0,4695.0,15,18.0,4713.0
job43,p2,5,a4_0,4713.0,15,15.0,4728.0
job44,p1,4,a3_0,3753.0,15,18.0,3771.0
job63,p2,3,a3_0,3771.0,15,15.0,3786.0
job64,p2,3,a3_0,3786.0,15,18.0,3804.0
job65,p2,3,a3_0,3804.0,15,18.0,3822.0
job66,p2,3,a3_0,3822.0,15,18.0,3840.0
job45,p1,4,a3_0,3840.0,15,18.0,3858.0
job67,p2,3,a3_0,3858.0,15,18.0,3876.0
job68,p2,3,a3_0,3876.0,15,18.0,3894.0
job46,p1,4,a3_0,3894.0,15,15.0,3909.0
job47,p1,4,a3_0,3909.0,15,15.0,3924.0
job7,p2,3,a3_0,3924.0,15,15.0,3939.0
job48,p1,4,a3_0,3960.0,15,15.0,3975.0
job49,p1,4,a3_0,4014.0,15,18.0,4032.0
job50,p1,4,a3_0,4068.0,15,18.0,4086.0
job51,p2,5,a4_0,4728.0,15,18.0,4746.0
job74,p2,3,a3_0,4095.0,15,15.0,4110.0
job75,p2,3,a3_0,4113.0,15,18.0,4131.0
job5,p1,4,a3_0,4152.0,15,18.0,4170.0
job52,p1,4,a3_0,4206.0,15,15.0,4221.0
job77,p2,3,a3_0,4221.0,15,18.0,4239.0
job53,p1,4,a3_0,4251.0,15,18.0,4269.0
job79,p2,3,a3_0,4269.0,15,15.0,4284.0
job54,p1,4,a3_0,4305.0,15,18.0,4323.0
job55,p1,4,a3_0,4350.0,15,18.0,4368.0
job8,p2,3,a3_0,4368.0,15,15.0,4383.0
job56,p2,5,a4_0,4746.0,15,18.0,4764.0
job57,p2,5,a4_0,4764.0,15,18.0,4782.0
job58,p2,5,a4_0,4782.0,15,18.0,4800.0
job83,p2,3,a3_0,4449.0,15,18.0,4467.0
job59,p1,4,a3_0,4506.0,15,15.0,4521.0
job85,p2,3,a3_0,4521.0,15,18.0,4539.0
job60,p2,5,a4_0,4800.0,15,18.0,4818.0
job86,p2,3,a3_0,4539.0,15,18.0,4557.0
job61,p1,4,a3_0,4596.0,15,15.0,4611.0
job6,p1,4,a3_0,4650.0,15,15.0,4665.0
job89,p2,3,a3_0,4665.0,15,18.0,4683.0
job62,p1,4,a3_0,4704.0,15,18.0,4722.0
job90,p2,3,a3_0,4722.0,15,18.0,4740.0
job9,p2,3,a3_0,4740.0,15,15.0,4755.0
job63,p2,5,a4_0,4818.0,15,18.0,4836.0
job64,p2,5,a4_0,4836.0,15,18.0,4854.0
job65,p2,5,a4_0,4854.0,15,18.0,4872.0
job66,p2,5,a4_0,4872.0,15,18.0,4890.0
job67,p2,5,a4_0,4890.0,15,18.0,4908.0
job94,p2,3,a3_0,4860.0,15,18.0,4878.0
job95,p2,3,a3_0,4878.0,15,18.0,4896.0
job68,p2,5,a4_0,4908.0,15,18.0,4926.0
job69,p1,4,a3_0,4950.0,15,15.0,4965.0
job70,p1,4,a3_0,5004.0,15,18.0,5022.0
job71,p1,4,a3_0,5049.0,15,15.0,5064.0
job99,p2,3,a3_0,5064.0,15,18.0,5082.0
job72,p1,4,a3_0,5103.0,15,15.0,5118.0
job73,p1,4,a3_0,5157.0,15,18.0,5175.0
job7,p2,5,a4_0,5193.0,15,15.0,5208.0
job74,p2,5,a4_0,5223.0,15,15.0,5238.0
job75,p2,5,a4_0,5259.0,15,18.0,5277.0
job76,p1,4,a3_0,5313.0,15,15.0,5328.0
job77,p2,5,a4_0,5349.0,15,15.0,5364.0
job78,p1,4,a3_0,5403.0,15,15.0,5418.0
job79,p2,5,a4_0,5439.0,15,18.0,5457.0
job80,p1,4,a3_0,5493.0,15,15.0,5508.0
job81,p1,4,a3_0,5538.0,15,18.0,5556.0
job82,p1,4,a3_0,5592.0,15,18.0,5610.0
job83,p2,5,a4_0,5622.0,15,18.0,5640.0
job8,p2,5,a4_0,5658.0,15,15.0,5673.0
job84,p1,4,a3_0,5703.0,15,18.0,5721.0
job85,p2,5,a4_0,5739.0,15,15.0,5754.0
job86,p2,5,a4_0,5775.0,15,15.0,5790.0
job87,p1,4,a3_0,5829.0,15,18.0,5847.0
job88,p1,4,a3_0,5874.0,15,18.0,5892.0
job89,p2,5,a4_0,5910.0,15,18.0,5928.0
job90,p2,5,a4_0,5946.0,15,15.0,5961.0
job91,p1,4,a3_0,5991.0,15,18.0,6009.0
job92,p1,4,a3_0,6036.0,15,15.0,6051.0
job93,p1,4,a3_0,6090.0,15,18.0,6108.0
job9,p2,5,a4_0,6126.0,15,15.0,6141.0
job94,p2,5,a4_0,6162.0,15,15.0,6177.0
job95,p2,5,a4_0,6192.0,15,15.0,6207.0
job96,p1,4,a3_0,6237.0,15,18.0,6255.0
job97,p1,4,a3_0,6282.0,15,18.0,6300.0
job98,p1,4,a3_0,6327.0,15,15.0,6342.0
job99,p2,5,a4_0,6363.0,15,18.0,6381.0
